symbol,date,open,high,low,close,volume
vno,2016-12-19,103.89,104.79,103.51,103.91,1123277
nbl,2014-09-17,71.5,71.63,70.58,71.17,1955639
flr,2016-01-04,46.53,47.76,46.26,47.71,1645312
whr,2015-11-12,157.16,157.16,155.1,155.5,800809
dri,2016-01-06,62.83,63.605,62.56,62.92,2001050
oxy,2014-03-24,94.39,94.61,93.2728,93.87,4385976
hog,2016-12-23,57.96,58.25,57.63,58.18,1019398
bdx,2017-04-06,183.08,183.8,182.34,183.4,713464
nbl,2014-03-19,67.34,67.38,65.7,65.96,2064336
ffiv,2017-11-02,119.52,121.66,119.51,121.01,954261
dva,2017-06-26,63.86,64.89,63.77,64.45,1149985
aapl,2016-03-07,102.39,102.83,100.96,101.87,35915810
uri,2014-11-11,114.0,115.225,112.67,113.98,975022
dri,2015-09-24,70.78,71.67,69.94,71.46,1673959
ice,2015-09-11,46.978,47.276,46.534,47.246,3659125
fe,2016-10-03,33.07,33.07,32.23,32.3,4786749
avb,2015-08-21,176.91,177.76,173.44,173.44,872546
exc,2015-06-29,32.08,32.42,31.79,31.8,4868190
nfx,2017-04-04,36.83,37.15,36.32,37.14,2129898
sjm,2015-08-18,109.02,110.13,108.63,108.97,650689
hrb,2016-09-29,22.87,23.04,22.58,22.65,1498012
gpc,2017-05-12,91.6,91.764,91.01,91.44,516035
tap,2015-09-18,81.52,84.52,81.52,84.38,7130496
sig,2014-02-06,76.84,78.51,75.92,78.44,1066911
aep,2016-02-01,61.0,62.56,60.82,61.79,5033460
hrb,2015-10-05,36.73,36.82,35.75,35.94,13012382
cci,2015-03-02,86.6,87.51,86.15,86.39,3098180
duk,2015-10-06,72.99,73.44,72.34,73.09,4497806
bhf,2017-08-04,64.94,65.05,64.44,64.57,335368
sre,2016-03-04,98.42,98.86,97.31,97.86,1105964
cern,2014-11-26,63.36,64.03,63.07,63.7,1306600
cog,2016-02-05,20.79,21.12,20.07,20.66,8257910
luv,2015-06-12,34.54,35.29,34.36,35.0,9808044
amgn,2017-08-03,173.5201,174.71,173.26,174.18,1725912
apa,2017-04-13,53.62,54.29,52.21,52.37,4445383
irm,2016-10-07,34.04,34.47,33.37,33.57,1852054
hrb,2017-07-07,31.37,31.475,30.93,31.37,2886717
mlm,2014-02-05,104.96,107.14,104.76,106.42,535425
tmo,2016-11-01,148.0,148.0022,144.34,146.02,1900589
spg,2015-03-23,197.32,199.09,195.83,197.54,2100886
kim,2016-05-05,28.94,29.32,28.73,29.21,3808383
dfs,2015-11-05,56.42,56.93,56.335,56.91,2826650
tpr,2017-01-09,35.58,35.6,34.89,34.99,2857814
txn,2016-11-25,73.87,74.61,73.73,74.43,1978800
vtr,2016-12-23,61.29,61.52,60.41,60.86,1035070
regn,2016-02-02,412.68,415.63,402.23,409.89,887522
abbv,2017-08-10,72.01,72.19,70.39,70.44,5940330
mmm,2017-10-19,218.49,219.25,217.47,219.24,1369000
zbh,2017-11-06,109.32,110.515,108.95,109.34,2515318
cma,2015-08-03,47.52,47.6,46.58,46.99,2030480
mat,2014-03-03,37.46,37.5,36.84,36.9,3459359
cof,2016-05-18,68.83,71.01,68.66,70.98,4339188
arnc,2017-05-09,27.1,27.39,27.01,27.26,2110121
clx,2017-01-25,121.6,121.7,120.58,121.47,814489
foxa,2014-04-25,32.69,32.84,32.525,32.64,11021878
mdt,2015-01-23,75.85,77.39,75.47,76.95,23255346
eix,2015-01-23,68.4,68.69,68.1,68.39,1224729
t,2017-01-20,41.33,41.87,41.29,41.45,25164892
sig,2015-11-20,140.86,141.94,137.14,137.6,1783567
slb,2016-08-09,83.03,83.04,81.48,81.83,4143756
pfg,2015-09-09,49.2,50.0,47.67,47.78,1817243
adm,2015-10-29,46.64,46.725,45.46,45.53,4298102
dvn,2017-04-25,39.81,40.68,39.66,40.59,3726799
k,2017-07-10,66.54,66.69,65.78,65.87,2589777
swk,2014-03-19,80.59,80.71,79.05,79.54,1079329
d,2016-07-28,76.52,77.17,76.25,76.94,2360795
abbv,2014-05-09,52.07,52.345,51.08,52.26,5012523
rf,2017-08-02,14.7,14.85,14.64,14.83,13688191
chtr,2016-08-18,257.35,258.88,253.415,254.83,1700659
ctas,2017-02-08,114.53,114.94,113.79,114.35,427150
dhi,2017-10-06,40.71,41.3,40.645,41.08,4131668
stt,2017-06-16,89.02,89.07,87.94,88.25,3223733
oke,2014-08-19,66.49,67.24,66.4301,67.2,755702
ea,2017-08-23,118.65,119.37,117.55,118.18,1297809
intc,2016-12-14,36.7,36.89,36.46,36.55,30819365
dps,2017-07-28,91.91,92.05,90.37,90.84,1498050
info,2017-01-26,39.67,39.98,39.38,39.46,2331276
ice,2016-12-01,55.5,56.4,55.38,56.35,4136041
dish,2017-01-18,61.88,62.49,61.08,61.35,1346239
iff,2017-07-10,131.83,132.51,131.13,131.69,325684
dov,2016-06-24,68.81,69.35,67.28,67.46,1630301
mos,2014-05-08,48.51,49.1,48.43,48.6,1610137
coo,2015-10-15,140.33,145.36,139.67,145.23,825882
qcom,2017-06-02,58.89,58.96,58.35,58.58,9538011
disca,2017-07-25,26.49,26.64,25.6192,25.93,7499245
wdc,2014-02-27,88.9,89.2,87.53,88.42,1710466
rok,2016-01-15,89.9,92.42,89.48,91.68,1537660
gps,2014-08-27,46.44,46.56,46.05,46.18,2439236
stz,2016-03-28,150.52,151.45,149.17,149.41,1051470
iqv,2014-02-24,54.0,54.0,53.0,53.63,414587
rmd,2017-05-31,70.31,71.3,70.0,71.1,852169
snps,2017-11-08,86.89,87.24,86.8,87.07,902251
mcd,2017-09-07,158.47,160.065,158.33,159.9,2965378
pbct,2015-05-14,15.4,15.43,15.31,15.41,2132293
lb,2016-08-26,77.05,77.24,75.95,76.26,959279
gpn,2016-06-22,75.13,75.39,74.22,74.26,1110814
rtn,2015-04-23,109.46,109.46,107.65,108.55,1950951
abbv,2015-09-30,53.54,54.5,53.36,54.41,11895458
foxa,2017-06-15,27.5,27.81,27.45,27.74,7331267
cme,2015-03-30,95.45,96.0399,94.96,95.29,1305515
ppl,2014-07-02,35.08,35.09,34.16,34.33,4036038
pgr,2017-11-28,52.05,52.82,52.02,52.78,3747837
tel,2014-06-11,61.97,62.18,61.7,62.02,1410870
aos,2015-05-26,35.135,35.315,34.8,35.145,930352
m,2016-04-21,41.4,41.81,41.1801,41.55,3926718
orcl,2016-05-02,39.9,40.43,39.83,40.3,10454246
dxc,2017-09-18,85.08,85.39,84.73,84.85,1269464
mrk,2016-06-28,55.44,55.67,55.11,55.58,12760085
alle,2015-12-23,65.55,65.94,65.24,65.82,313432
ir,2014-10-30,61.29,62.01,60.95,61.73,1509238
kmb,2017-07-07,126.43,127.39,125.78,126.8,1694054
mro,2015-10-20,18.27,18.74,18.11,18.56,7885854
nclh,2016-06-28,39.41,39.74,38.22,38.44,3171247
ctas,2017-12-01,157.19,158.43,155.03,157.5,749595
dvn,2014-04-04,68.8,69.07,67.8,68.01,3033368
lyb,2015-02-19,88.19,91.45,87.46,91.24,4946526
vz,2016-02-18,50.12,51.1,49.96,50.94,19678501
cost,2015-11-25,162.04,162.9956,161.14,162.39,1828003
xrx,2016-03-07,41.72,42.04,41.44,41.68,1343137
gt,2014-06-26,27.3,27.385,26.94,27.31,1454687
mu,2014-10-10,29.75,29.87,27.59,27.79,85752738
dri,2015-12-09,58.59,59.74,57.99,58.09,1442406
ivz,2014-01-29,32.8,33.32,32.69,33.05,6463513
c,2015-08-18,57.67,57.92,57.4,57.55,11593241
incy,2014-08-14,49.85,51.76,49.53,51.08,962492
fls,2014-01-14,76.61,77.2,75.91,77.17,1567386
antm,2015-11-11,136.02,136.02,133.95,134.19,1751172
cop,2017-02-02,48.75,49.34,47.283,48.69,8625117
tpr,2015-04-20,42.52,42.79,42.34,42.54,2132460
mlm,2016-02-17,136.38,142.575,134.4,138.91,990979
all,2015-12-16,63.28,63.5,62.53,63.38,2177707
clx,2015-03-04,110.48,110.65,109.08,109.93,952139
d,2016-10-14,73.16,73.47,72.7,72.78,1694062
ebay,2014-04-23,55.54,55.57,54.64,54.94,6611513
rf,2016-02-02,7.78,7.78,7.56,7.63,27109086
trip,2017-11-07,34.71,34.8,30.21,30.35,29448781
nrg,2015-12-30,11.36,11.657,11.08,11.09,3956184
txn,2016-04-22,58.81,59.6,58.44,58.68,5359856
nfx,2015-07-20,34.01,34.18,33.11,33.61,4855116
fdx,2014-10-30,171.67,172.13,170.48,171.8,906111
xrx,2014-12-08,57.44,57.44,56.12,56.24,1503775
adi,2014-06-23,54.77,54.96,54.45,54.52,893988
trip,2016-02-26,62.19,62.95,61.68,62.38,1677331
de,2014-02-07,85.76,86.88,85.74,86.56,2096201
xel,2015-05-04,33.96,34.66,33.95,34.36,3386199
aal,2016-06-08,32.63,32.97,32.22,32.51,8173130
dg,2017-01-11,74.48,74.67,73.3,73.42,3764160
nws,2014-11-10,14.97,14.97,14.77,14.94,294172
ggp,2015-08-24,25.32,26.78,25.25,25.75,7853841
hd,2017-01-09,133.22,134.76,133.14,134.31,4310227
lly,2015-01-21,71.62,72.5,71.11,72.24,5195883
atvi,2014-12-23,20.42,20.61,20.22,20.23,5391491
payx,2017-11-24,64.6,64.89,64.4201,64.69,538856
cci,2014-12-30,79.14,79.17,78.44,78.92,1369530
mtd,2016-02-16,310.26,314.43,308.575,312.69,165866
nws,2015-01-02,15.13,15.28,14.8,14.98,904989
akam,2014-07-30,59.55,61.01,59.55,60.73,5178640
slg,2014-05-15,108.29,108.77,107.08,107.99,693479
vrsn,2016-05-04,86.63,86.73,84.83,84.93,1032772
aos,2014-01-07,26.755,26.77,26.325,26.375,1572142
ibm,2016-08-25,159.0,159.54,158.42,158.63,2575023
rmd,2016-06-14,59.17,59.68,58.93,59.58,446477
qcom,2016-09-22,63.71,64.0,63.36,63.52,7895710
fls,2016-04-15,44.23,44.46,44.06,44.28,585787
jnpr,2015-02-17,23.82,23.95,23.68,23.93,2434288
cbg,2014-01-08,26.08,26.2247,25.86,26.19,2398703
hcp,2017-10-20,26.36,26.43,26.16,26.36,2047129
hrl,2015-03-11,28.17,28.18,27.26,27.62,3578862
fdx,2014-12-18,170.95,174.38,170.0,174.38,3802954
dlr,2016-08-10,101.77,102.35,101.3,101.61,954508
mchp,2014-04-25,48.19,48.33,47.04,47.16,2565689
bbt,2015-07-10,40.89,40.96,40.47,40.7,2801288
mtd,2016-04-11,351.63,355.745,346.92,350.67,134284
rmd,2014-01-15,46.19,46.706,45.91,46.69,1107998
brk.b,2017-02-23,169.96,170.16,169.1085,170.15,3377140
ea,2017-10-30,117.13,117.77,116.64,117.58,2614074
lb,2017-01-12,60.97,61.1899,60.1,60.71,2292699
disca,2015-02-04,29.61,30.44,29.6,30.1,4554247
zbh,2016-05-19,118.23,118.94,116.93,118.19,1003004
cvs,2017-08-04,79.22,79.25,77.92,77.97,6059744
trv,2016-04-18,116.0,116.33,115.43,116.01,2350519
cxo,2014-12-01,94.37,94.9699,91.03,92.43,3652037
pkg,2016-06-28,63.38,64.04,62.41,63.67,2194083
hal,2017-03-13,51.02,51.33,50.67,50.88,6272392
ip,2015-11-19,41.03,41.435,40.83,41.26,2580987
bsx,2015-10-02,16.43,16.93,16.25,16.92,12171025
chtr,2014-08-05,156.1,156.78,153.17,154.97,921441
dhr,2015-11-19,96.79,97.35,96.6,96.95,3259730
dps,2017-08-16,91.95,92.65,91.95,92.44,595600
aee,2017-01-12,52.19,52.39,51.81,51.96,1470192
lly,2017-03-20,84.6,84.86,83.965,84.06,3121865
fls,2015-10-21,42.11,42.41,41.52,41.7,2476919
mat,2016-02-25,32.17,33.15,32.11,33.14,4082723
cms,2014-07-15,29.97,30.27,29.93,30.21,2704406
goog,2017-04-26,874.23,876.05,867.7481,871.73,1237167
jci,2015-07-31,38.9633,40.2304,38.9529,39.7801,5520672
ppg,2016-05-05,109.04,109.53,108.234,108.59,810173
jbht,2017-08-08,90.39,91.57,89.81,90.91,651804
bxp,2017-09-08,120.62,120.925,119.95,120.17,444125
syk,2017-05-23,138.7,140.3,138.64,139.9,1446576
apd,2017-11-20,161.55,162.49,161.26,161.57,696157
spg,2015-09-02,177.14,178.58,175.58,177.13,1113565
tmk,2017-07-14,77.59,78.53,77.36,78.15,238734
grmn,2016-10-10,48.69,49.3,48.58,48.67,883089
nke,2014-08-22,39.625,39.865,39.46,39.645,5807376
orcl,2015-01-14,42.46,43.17,42.46,43.06,12707442
sre,2016-08-17,104.76,106.32,103.91,106.21,1323876
ctl,2014-06-10,36.87,37.035,36.78,36.93,3444107
brk.b,2015-09-22,129.56,129.69,128.36,129.3,4230773
pru,2016-03-23,73.83,74.0,72.59,72.83,2065889
nee,2016-12-28,119.32,119.67,118.47,118.65,1303338
wfc,2015-08-10,57.8,57.98,57.68,57.94,12397545
pki,2017-03-20,57.27,57.32,56.79,57.14,981808
wyn,2015-04-06,90.66,92.13,90.27,91.59,777135
sig,2016-02-17,105.31,107.57,103.32,105.37,1799018
ess,2017-10-19,261.34,261.59,258.57,259.94,201573
wmt,2017-12-07,97.06,97.58,96.65,96.78,7502602
hbi,2017-12-07,20.62,20.87,20.46,20.58,5211597
tmk,2016-09-28,63.52,63.97,63.15,63.93,381442
mco,2015-01-16,92.37,94.18,92.0,94.13,1187387
lkq,2017-10-31,36.55,37.72,36.41,37.69,2472042
slg,2017-08-21,96.48,97.96,96.13,97.47,507900
dgx,2015-06-04,74.28,75.62,74.02,74.94,1360421
lyb,2016-02-25,77.46,78.56,76.33,78.18,2567050
rmd,2014-02-06,43.89,44.39,43.49,43.69,1290451
stx,2014-10-06,56.45,56.9,55.69,56.16,2909856
aes,2016-08-16,12.01,12.08,11.95,12.0,5935006
vrsk,2017-04-06,79.46,79.82,79.13,79.5,958297
gm,2016-03-29,31.04,31.28,30.58,31.19,13667755
fb,2016-06-03,118.975,118.98,117.86,118.47,14135114
chd,2014-02-24,33.165,33.83,33.165,33.72,1668110
mmc,2015-08-28,54.38,54.73,53.77,54.13,3008833
sti,2014-06-13,40.07,40.36,39.95,40.26,3399253
amgn,2014-02-26,123.9,124.23,121.74,121.86,3895729
stx,2016-10-25,35.04,35.04,34.15,34.27,4172327
expe,2017-02-06,121.12,122.06,120.5,122.05,1346827
nlsn,2015-09-10,46.28,46.605,45.93,46.13,1423429
scg,2017-10-10,48.85,49.45,48.68,49.11,1293683
wba,2015-01-21,75.52,76.45,75.06,75.59,2549701
ice,2015-06-10,47.46,48.139,46.994,48.094,3573265
vz,2016-10-07,50.46,50.54,49.92,49.92,13816797
l,2017-11-03,49.3,49.72,48.8,49.61,901253
gpn,2016-10-13,73.22,73.677,72.14,73.35,919536
celg,2015-11-25,112.68,113.7,112.26,112.35,2304468
rcl,2017-06-21,112.0,114.34,112.0,113.91,1605224
whr,2016-12-27,182.1,185.24,181.81,183.65,725174
pdco,2014-11-03,43.19,43.25,42.96,43.08,296298
eog,2016-03-10,71.16,72.86,70.305,72.27,4558447
ayi,2014-04-23,126.32,127.54,124.11,127.34,542074
cfg,2017-08-14,33.91,34.62,33.795,34.22,3061751
algn,2016-03-10,70.63,71.075,69.45,70.42,691860
tmk,2017-06-19,77.64,77.8,77.215,77.77,473390
bsx,2016-08-17,23.9,23.94,23.78,23.9,6405207
mchp,2014-03-18,46.79,47.4,46.6,47.39,1045159
disck,2016-03-23,27.2,27.3,26.26,26.44,1374224
cmi,2015-08-26,117.23,118.78,114.88,118.73,2706154
rsg,2016-05-20,47.92,48.12,47.56,47.69,1354613
cma,2016-03-02,35.15,35.82,34.84,35.79,2421503
ame,2014-11-10,52.0,52.36,51.82,52.22,1201388
kim,2014-11-24,24.93,25.07,24.86,24.98,2462118
cboe,2017-12-27,123.87,125.54,123.7216,124.76,646965
avy,2016-01-20,58.17,59.52,57.06,59.02,785434
amgn,2015-08-17,167.05,169.89,166.0,169.79,1988820
mu,2015-04-30,28.79,28.85,27.85,28.13,18988895
ko,2014-01-06,40.48,40.5926,40.16,40.27,11041224
amg,2014-08-08,194.98,196.67,193.07,196.59,234917
vmc,2017-02-16,123.21,123.52,119.8,120.4,1563890
trip,2014-06-16,102.0,104.11,101.27,103.97,1595928
cxo,2014-09-09,130.49,132.31,128.43,129.35,858330
it,2015-07-09,86.41,86.41,85.31,85.33,182177
wmb,2017-07-17,31.4,31.62,31.34,31.44,2592651
cof,2015-11-16,76.95,77.9,76.68,77.9,2654030
vfc,2014-05-27,63.09,63.48,62.785,62.89,953946
ctxs,2017-10-06,79.39,79.54,78.68,79.47,928215
pxd,2014-09-05,200.49,203.4,199.41,202.11,1302745
qrvo,2016-06-07,54.92,55.9,54.69,55.49,1185381
ge,2015-05-14,27.32,27.43,27.15,27.41,26976059
srcl,2016-11-02,78.04,78.25,75.92,76.03,1347297
hal,2017-07-10,41.51,42.51,41.43,42.32,6132124
mon,2015-09-15,90.55,91.1094,90.04,90.88,3526580
jci,2016-06-06,45.4555,45.6021,45.1413,45.3612,2966968
cme,2014-09-19,83.66,83.66,82.14,82.84,2227167
wfc,2014-04-08,48.66,48.9993,48.44,48.83,19086946
expd,2016-08-11,51.22,51.365,49.7,51.3,572572
lmt,2017-08-18,300.87,301.26,298.821,299.2,1204704
glw,2016-09-27,22.99,23.35,22.96,23.33,10186997
lh,2017-04-06,143.7,144.02,142.75,144.02,1375083
ea,2014-08-04,33.56,34.3,33.56,34.18,3674747
ew,2015-08-14,72.065,72.5149,71.375,71.65,1399690
ctsh,2017-04-03,59.55,59.95,58.17,58.25,5459727
info,2015-03-03,27.0,27.065,26.51,26.8,315013
rl,2015-10-20,117.21,118.65,116.0,117.75,971476
psa,2015-12-04,238.16,242.86,238.16,241.9,1056779
cfg,2015-08-25,23.8,24.08,23.07,23.1,5607825
vno,2014-09-09,107.55,107.78,106.61,106.87,530011
ual,2016-06-02,44.92,45.59,44.86,45.17,3355673
ajg,2017-12-14,64.11,64.35,63.62,63.69,1369109
rop,2016-11-04,170.81,171.32,169.42,169.47,1033675
avb,2016-07-29,182.28,187.43,182.28,185.65,921959
akam,2016-09-09,53.04,53.73,52.43,52.5,2208981
mcd,2015-02-06,94.15,94.48,93.65,93.99,4662736
lb,2014-11-19,77.15,77.89,76.76,77.68,2377935
wfc,2017-11-29,55.84,57.25,55.7,56.68,29631806
dri,2016-12-14,77.08,77.19,76.11,76.4,1808332
mdlz,2015-10-16,45.11,45.86,45.07,45.85,9106294
chk,2016-04-29,6.975,7.148,6.6,6.87,36823104
irm,2014-03-07,27.57,28.115,27.53,27.81,2247851
cmi,2014-03-18,142.55,143.74,142.12,142.68,883304
wynn,2014-05-13,203.75,207.39,201.43,206.0,1720732
symc,2017-05-05,32.34,32.41,32.03,32.3,4320769
nwl,2016-01-22,37.39,37.8,36.59,36.97,3676142
hrs,2017-01-06,103.51,104.71,103.47,104.55,683692
luv,2014-07-11,27.34,27.62,27.24,27.44,4800519
pbct,2016-12-20,19.56,19.655,19.32,19.4,4435150
expd,2014-02-25,41.91,41.91,38.7,39.06,4913044
pep,2014-04-08,83.93,84.0,83.15,83.47,6552745
spg,2015-04-10,193.99,194.765,190.91,191.27,1903898
hp,2017-05-17,57.12,57.75,56.65,56.71,1660813
cost,2014-04-14,112.49,113.0,111.53,112.56,2518969
exr,2014-10-30,58.33,58.585,57.84,57.9,736023
tjx,2014-03-13,61.73,61.82,60.91,61.06,2214636
unp,2015-05-08,108.38,108.64,107.28,107.44,3610207
tgt,2015-07-14,84.11,84.37,83.32,84.1,4095360
coo,2015-12-23,135.14,136.95,134.22,136.25,288715
d,2017-02-15,72.55,72.8,71.96,72.38,3184377
es,2014-04-14,45.63,45.81,45.33,45.67,1868100
lkq,2016-12-30,30.99,31.24,30.54,30.65,1143046
alk,2017-05-11,83.15,83.91,82.37,83.65,1804310
xl,2014-05-29,32.37,32.5,32.27,32.36,1220581
mo,2015-10-06,55.59,55.96,55.25,55.41,5639339
info,2016-05-23,34.13,34.58,33.97,34.47,657437
mmm,2016-12-07,172.38,176.06,171.97,176.05,3164316
luk,2016-08-05,18.9,19.055,18.81,18.86,2482177
pvh,2017-03-24,100.17,102.11,98.88,100.94,2520501
akam,2014-11-12,60.88,61.28,60.33,60.78,738017
mdt,2014-04-30,58.7,58.84,58.41,58.82,3143120
exr,2017-09-15,78.24,79.17,78.24,79.07,1142296
intu,2014-11-28,92.77,94.34,92.68,93.87,949818
holx,2017-06-30,45.73,45.82,45.25,45.38,2797470
vz,2017-10-19,50.05,51.18,49.05,49.21,29173869
xl,2015-11-11,37.72,37.86,37.55,37.68,946391
d,2015-01-30,78.82,78.85,76.82,76.89,2939736
d,2014-04-16,70.8,71.53,70.52,71.53,1799309
nem,2017-11-28,37.13,37.59,37.09,37.14,4724116
bxp,2014-04-28,118.1,118.46,117.11,118.3,673287
tel,2014-04-22,61.37,61.91,61.1,61.34,1774433
fdx,2016-11-11,183.0,184.89,182.11,183.69,1560368
avy,2014-02-26,49.09,49.76,49.09,49.51,707189
vtr,2015-08-21,60.42,60.78,59.58,59.6,3279481
tif,2016-06-27,59.18,59.21,56.985,57.48,4659200
dhi,2015-05-27,26.29,26.405,25.93,26.37,4423567
hum,2015-02-20,153.08,156.84,152.66,156.12,1294493
pnr,2014-11-18,68.95,69.2,68.41,68.51,1035713
kors,2016-07-21,51.5,52.21,51.255,51.35,2008148
adm,2016-06-01,42.63,42.95,42.38,42.83,6466640
vrsk,2015-06-08,73.65,73.99,73.17,73.2,715441
nov,2016-05-13,31.63,32.079,31.11,31.16,3519156
nws,2014-05-21,16.48,16.67,16.38,16.5,431158
ph,2014-06-05,126.3,127.54,125.9001,127.39,1047247
emn,2015-03-23,69.44,70.39,69.4,69.59,1373989
wm,2017-02-14,70.79,71.05,70.72,70.86,1230156
eqt,2015-03-04,82.38,82.435,79.71,80.85,1173403
msft,2017-07-03,69.33,69.6,68.02,68.17,16165538
pnw,2014-06-23,56.42,56.8975,56.16,56.48,659287
met,2016-11-23,55.07,55.4881,54.73,55.35,4978801
ctxs,2014-02-26,60.3,61.09,60.0,60.79,2337012
bac,2015-10-30,17.18,17.18,16.76,16.78,87645788
lnt,2017-06-12,41.41,41.53,40.835,41.17,971857
atvi,2014-06-30,21.96,22.36,21.935,22.3,6257278
ndaq,2015-03-27,49.38,49.77,49.19,49.7,725529
oxy,2014-12-24,82.17,82.5,81.02,82.24,3099758
slb,2016-08-12,81.8,82.09,80.93,81.2,3902402
met,2014-11-26,55.99,56.0395,55.55,55.87,2767581
kss,2016-08-17,45.79,46.32,44.9,45.13,5476573
ebay,2017-07-31,36.09,36.13,35.65,35.73,6227993
tsn,2015-03-26,38.06,38.32,37.69,38.16,3744765
irm,2014-04-04,27.63,27.95,27.45,27.59,1842923
unm,2016-10-14,36.5,36.96,36.31,36.37,1902627
akam,2017-08-15,46.82,47.09,46.13,46.34,1686679
hig,2017-04-07,47.83,48.1,47.64,47.83,2290446
bby,2017-01-04,43.34,44.18,43.31,43.77,4745140
mrk,2017-07-19,62.5,62.83,62.435,62.62,5699122
symc,2016-10-13,24.88,24.88,24.03,24.28,11881760
tap,2017-09-20,85.25,85.58,83.18,83.48,1777846
sig,2015-01-14,121.52,123.12,121.07,122.37,1029848
fisv,2016-06-30,106.88,108.85,106.34,108.73,1542093
unm,2016-04-15,32.36,32.48,32.06,32.31,1214139
hcp,2014-12-05,45.25,45.25,44.01,44.3,3430136
hes,2015-05-07,74.2,74.4,72.735,73.46,2920238
noc,2016-08-30,213.32,213.775,211.9001,212.62,712395
lb,2017-07-11,44.15,44.33,43.35,43.79,4737620
wy,2015-04-06,32.55,32.75,32.43,32.51,7015838
ajg,2015-03-11,45.82,46.21,45.56,46.17,970227
ffiv,2015-06-30,118.58,121.6,118.56,120.35,673367
flr,2014-04-09,76.43,77.5,75.76,77.36,912149
hban,2016-08-04,9.34,9.44,9.32,9.35,6384880
dish,2016-01-21,48.19,48.63,47.33,47.67,3240911
mchp,2014-02-10,44.61,44.875,44.44,44.76,1269315
wdc,2016-11-23,60.8,61.48,60.3,61.04,2201640
whr,2017-08-21,170.0,170.63,167.77,167.8,820112
d,2015-12-17,67.5,67.9625,67.1,67.54,2785548
mat,2016-03-03,32.75,33.205,32.62,32.98,5203589
navi,2017-03-06,14.72,14.85,14.36,14.6,2595402
fti,2015-06-08,42.51,43.1,42.13,42.22,1240886
slg,2017-01-05,109.76,110.25,107.97,109.32,571410
expe,2017-05-17,143.98,145.2,140.14,140.41,4694393
txt,2014-07-08,37.7,37.9411,37.14,37.18,1878509
reg,2017-02-03,70.07,70.09,69.28,69.85,723646
flr,2016-02-04,43.57,45.27,43.31,44.94,1720187
met,2015-04-07,51.38,51.38,50.78,50.8,3187350
sti,2016-12-21,56.2,56.23,55.65,56.02,1891465
uaa,2016-11-08,31.3,31.58,31.07,31.33,3917037
apd,2016-08-26,155.81,156.0,153.57,154.25,1097017
var,2017-04-11,90.12,90.55,88.44,90.04,1741805
fitb,2015-03-30,19.04,19.14,18.96,19.06,5706684
abc,2015-12-03,99.01,99.21,98.03,98.71,2629090
slg,2015-12-07,117.47,117.54,115.52,115.98,662087
ea,2015-08-26,65.5,66.48,63.66,66.34,4342424
ctsh,2016-10-05,50.36,51.43,50.06,50.9,5255075
xom,2015-07-30,83.18,83.32,82.42,83.01,11139943
ads,2017-07-11,256.6,261.21,255.27,259.32,568191
xrx,2017-06-08,28.16,28.16,27.8,28.0,1584747
exc,2014-08-26,32.85,33.04,32.28,32.31,4106382
glw,2014-09-03,20.99,21.07,20.91,21.0,6446819
eqt,2015-07-16,76.88,77.19,76.18,76.72,1446998
dfs,2016-08-16,58.0,58.25,57.77,58.0,1649944
apc,2017-12-26,53.2,54.45,53.1455,54.1,5258956
adp,2017-12-22,117.32,117.955,116.61,116.88,1129601
cnc,2014-04-30,32.79,33.39,32.708,33.2,1088112
qrvo,2016-10-24,55.3,57.49,55.0,57.29,1813515
srcl,2017-03-08,80.64,81.85,80.51,81.64,839572
mac,2016-05-27,75.85,76.42,75.79,76.19,1052120
mlm,2014-12-09,113.41,114.79,112.53,114.76,701764
dhr,2014-11-18,82.5,82.91,82.28,82.58,1901452
psx,2014-05-06,84.1299,85.42,83.66,84.26,2668968
cms,2017-08-23,48.28,48.59,48.14,48.58,909946
ipg,2016-11-11,21.84,22.09,21.67,22.07,3478075
nwsa,2016-02-22,11.04,11.19,11.02,11.1,2634963
aiv,2016-08-24,44.19,44.24,43.63,44.0,692231
kr,2017-12-26,28.26,28.49,27.59,27.8,8677664
unp,2016-10-12,96.74,96.8,95.57,95.91,3419728
pvh,2015-09-08,118.96,119.025,117.09,118.16,1158511
nclh,2016-03-31,54.29,55.59,53.908,55.29,2691957
fti,2017-07-28,28.44,29.18,28.41,28.89,4129453
rop,2015-11-24,190.78,193.2,190.095,192.51,307410
evhc,2017-10-31,41.94,42.955,41.46,42.6,3479600
pkg,2015-04-06,75.9,77.4,75.77,77.24,608434
xom,2015-08-19,77.51,77.58,75.93,76.23,17007779
sig,2017-01-31,78.66,79.13,76.32,77.67,2117321
uri,2015-09-10,69.12,70.47,68.57,68.98,1783702
tsco,2017-02-02,75.12,76.0,73.02,73.71,6506603
ma,2014-08-29,76.3,76.48,75.73,75.81,3231583
cfg,2017-04-04,34.57,35.15,34.4,34.9,4646104
pbct,2017-10-11,18.33,18.35,18.18,18.28,1737305
t,2015-07-07,35.79,35.85,35.37,35.77,27143865
wba,2015-01-13,75.2,76.29,74.11,75.26,5173169
cmcsa,2017-12-15,39.49,39.87,38.99,39.71,47358431
fl,2014-12-26,55.75,55.83,55.1,55.46,867175
px,2016-07-22,117.65,118.09,117.28,117.7,571987
v,2014-03-24,56.3475,56.5575,54.775,55.1875,18236012
hon,2016-07-27,116.08,116.41,114.603,114.96,3446519
txt,2017-04-19,46.0,46.87,45.63,46.01,2938847
bmy,2014-08-04,49.82,50.21,49.675,49.98,6006606
intc,2014-03-18,24.68,24.9,24.55,24.82,26344019
pm,2015-11-03,88.39,88.52,87.7,88.34,3445352
wyn,2017-04-07,84.97,85.21,83.8,84.7,1041784
ntrs,2014-03-13,63.0,63.0,61.71,61.795,1013461
aph,2014-06-13,48.555,48.68,48.2575,48.41,555916
col,2017-12-11,134.45,134.75,134.31,134.52,1092438
alxn,2016-08-02,133.54,135.51,130.965,133.61,2286096
lkq,2016-01-27,26.66,26.72,25.96,26.15,1242872
dltr,2016-06-02,90.96,91.77,90.12,91.05,2314001
sni,2016-07-25,66.94,67.0,65.95,66.01,605603
ip,2014-03-18,46.06,46.1,45.6301,45.75,5360420
ko,2017-07-13,44.49,44.525,44.37,44.43,6371855
payx,2017-01-30,60.73,60.99,60.42,60.81,1272935
gild,2014-06-13,80.68,81.1,79.87,80.72,7696468
aiz,2014-05-19,66.36,66.92,66.14,66.51,375476
vlo,2015-08-31,58.69,60.88,58.21,59.34,9326075
srcl,2014-02-14,115.13,117.13,115.04,116.87,351372
srcl,2017-12-20,67.99,69.1199,67.98,68.76,788051
utx,2014-12-08,112.25,114.55,111.52,113.05,6357461
ko,2014-08-13,39.7,40.1,39.7,39.94,9638888
mgm,2015-06-25,18.75,18.8,18.45,18.64,6979229
nsc,2015-09-08,78.04,78.72,77.77,78.69,1822386
ca,2014-10-06,27.52,27.73,27.4,27.43,1499957
amd,2017-02-03,12.37,12.5,12.04,12.24,60036740
xel,2015-11-30,35.59,35.92,35.56,35.66,3597077
pbct,2017-11-07,18.38,18.42,17.99,18.05,3032317
mar,2017-09-15,105.97,105.97,104.39,105.39,2790640
rok,2017-05-22,158.0,160.24,158.0,158.45,1018024
slb,2015-09-03,76.16,77.52,75.02,76.26,11091033
hcn,2015-01-23,83.14,83.5,82.72,83.23,2160789
leg,2016-10-04,45.37,45.78,45.045,45.17,1109112
mgm,2016-01-07,21.72,21.8,20.35,20.62,12776148
ua,2016-06-14,34.66,34.75,34.0,34.4,1086008
rtn,2015-08-06,109.8,110.0,108.88,109.4,1509911
ksu,2014-09-18,121.82,122.45,120.92,121.86,658269
gpn,2016-01-13,58.68,58.89,56.09,56.4,3665845
nwsa,2014-12-19,15.06,15.28,15.06,15.22,6995429
kmb,2014-03-06,108.92,109.88,108.75,109.39,1697194
so,2015-05-29,43.51,43.89,43.37,43.69,6216429
gpc,2014-03-11,86.76,87.1,86.16,86.44,447738
gpc,2017-09-11,85.68,86.49,85.3175,85.82,752145
vfc,2016-02-25,63.42,64.74,63.15,64.68,3150004
nwsa,2016-11-23,11.63,11.82,11.63,11.8,1769797
nov,2017-02-13,39.4,39.9,39.32,39.6,1726784
gs,2017-07-07,228.23,228.4898,224.42,225.28,2697551
ctl,2014-01-02,31.74,31.82,31.51,31.65,4446283
ntrs,2015-09-09,71.14,71.75,69.52,69.67,976253
nke,2016-09-29,52.92,53.58,52.12,52.16,16993949
aon,2017-04-17,118.16,119.195,118.16,119.05,957183
see,2017-06-13,44.51,45.03,44.23,44.98,1903241
ivz,2014-12-01,40.25,40.49,39.77,40.29,2419080
ctxs,2015-02-17,64.27,64.36,63.64,64.16,909360
aep,2014-06-03,53.54,54.2,53.36,53.94,4483121
afl,2016-04-27,67.9,69.47,67.82,69.32,3080809
fb,2016-04-25,109.87,110.67,109.07,110.1,21017895
celg,2017-03-31,124.03,124.85,123.63,124.43,2866309
biib,2014-02-07,303.13,316.02,301.38,315.54,1505545
key,2017-07-05,19.07,19.2,18.8,19.2,9349513
payx,2015-05-27,49.22,49.85,49.21,49.72,1317615
cboe,2014-07-02,48.9,49.07,48.28,48.43,763270
hes,2015-10-06,55.91,59.19,55.7,58.78,4388389
intu,2017-01-19,116.07,116.4,115.07,115.95,961792
aon,2015-10-27,91.9,92.79,91.56,92.78,994233
reg,2016-09-07,81.54,82.44,81.0,81.94,503657
swks,2016-08-25,73.16,74.75,73.11,74.33,2791263
adm,2016-06-16,41.88,42.135,41.56,42.05,2618147
pwr,2015-07-07,28.3,28.88,27.55,28.79,3302076
stz,2016-09-01,163.87,165.13,163.87,164.8,623289
cci,2016-04-28,87.07,87.99,86.92,87.14,1424220
tmo,2016-06-01,151.29,153.45,150.63,153.06,1730031
usb,2017-02-14,53.9,54.6,53.84,54.55,7728324
mco,2016-11-09,99.67,101.45,98.73,100.67,1792747
ph,2015-06-18,118.85,119.46,118.21,118.84,1037054
rcl,2017-03-22,96.72,99.07,95.56,98.75,1452014
gpc,2014-02-05,77.96,78.36,76.85,78.07,1058936
pwr,2015-07-01,29.03,29.1,28.66,28.74,2279760
vno,2015-11-03,103.26,103.26,98.71,100.8,1287240
abbv,2017-11-17,93.8,94.49,93.57,93.61,3386427
rht,2016-06-30,73.12,73.28,72.32,72.6,1850996
avb,2017-06-13,193.72,194.34,192.36,193.69,555112
es,2014-07-24,45.38,45.55,45.19,45.49,657800
dte,2016-02-04,86.94,87.56,86.435,86.61,1388253
tjx,2015-12-03,70.81,71.0,69.25,69.84,3804716
antm,2015-07-02,165.79,165.79,162.62,163.14,1559205
dre,2016-05-23,23.18,23.25,23.03,23.13,1883981
pnr,2017-08-02,62.26,62.93,62.07,62.66,1145941
txn,2017-05-12,80.77,80.77,80.28,80.69,2648943
luk,2017-07-25,27.04,27.21,26.91,27.09,1327401
tjx,2017-02-27,78.25,78.87,78.155,78.62,4433089
chrw,2016-09-26,69.35,69.81,69.22,69.54,1147758
v,2015-01-05,65.8725,65.875,64.7163,64.7925,12751200
swks,2016-09-12,66.0,68.5825,65.76,68.34,4484140
acn,2017-09-07,131.5,134.83,131.36,134.24,2094810
dish,2017-04-17,62.5,62.63,58.62,58.79,7735972
dvn,2016-11-23,44.1,45.05,43.75,45.04,2926253
azo,2017-05-02,683.27,689.76,680.14,688.94,362883
eqt,2014-09-19,95.05,95.44,93.395,93.47,1541784
var,2014-06-05,81.8,82.36,81.43,81.82,398667
kmi,2017-01-30,22.22,22.26,21.83,21.98,11029297
nsc,2015-07-02,88.31,88.65,87.715,87.83,2216954
fe,2015-08-11,34.13,34.65,34.13,34.19,2166420
frt,2014-12-05,132.6,132.6,131.195,132.39,241474
vz,2016-07-01,55.85,56.29,55.59,56.23,16092266
axp,2015-03-10,79.73,79.77,78.87,79.11,7524975
vlo,2014-10-29,49.9,50.165,48.02,48.53,6248426
etfc,2015-06-02,29.32,30.65,28.99,30.53,9307471
ual,2014-02-21,45.46,46.73,45.36,45.6,4131389
hsic,2016-02-10,75.265,79.6325,74.37,78.375,2637188
kmi,2017-12-15,17.93,18.15,17.9,17.93,22930965
lrcx,2014-04-11,52.89,53.86,52.5,52.63,2456836
uhs,2015-01-28,107.3,107.39,105.54,105.68,829700
bdx,2017-04-18,183.31,183.88,182.185,183.38,543967
chtr,2014-04-14,119.47,120.779,118.21,119.41,1002442
zts,2014-03-14,29.25,29.82,29.23,29.42,4021861
grmn,2015-05-01,45.32,45.96,45.25,45.86,913443
ksu,2017-05-31,96.07,96.38,94.7,95.2,992797
dltr,2015-04-27,81.89,81.89,79.99,80.42,1859903
avgo,2016-08-16,174.81,174.99,172.1,172.4,1907026
tel,2017-11-03,91.79,92.79,90.601,92.73,1222933
jec,2015-12-17,42.6,42.6,41.485,41.6,677835
prgo,2016-12-20,85.18,86.37,84.43,84.72,1135272
acn,2016-05-05,113.65,114.43,113.47,114.08,1704623
fitb,2017-11-29,29.51,30.55,29.5,30.46,6388356
pki,2014-07-03,47.69,48.26,47.62,48.25,424316
mro,2017-02-01,17.03,17.12,16.23,16.59,11449083
a,2016-02-08,35.61,35.78,34.39,34.8,3888601
rht,2016-04-26,74.63,74.67,73.74,74.49,891744
all,2015-05-22,68.03,68.09,67.58,67.6,1807691
amg,2017-11-20,186.87,188.35,186.15,186.68,203541
hii,2017-09-06,213.93,214.09,211.215,211.6,348396
mar,2015-04-30,82.3,82.71,79.18,80.05,5499457
aee,2015-08-27,40.75,41.04,40.26,41.02,2447580
navi,2015-08-10,15.69,16.0,15.69,15.91,1713108
lrcx,2016-09-29,92.9,94.1,92.48,93.23,3104040
amd,2014-12-03,2.71,2.82,2.69,2.74,18259992
mmc,2015-04-06,56.09,57.3,56.09,56.99,1884651
apd,2014-07-30,136.17,136.905,134.68,135.34,981079
pfg,2016-08-30,49.19,49.5,49.09,49.5,1000723
mlm,2014-11-10,123.45,124.98,123.45,124.84,527592
hd,2017-09-27,161.38,161.69,160.14,160.92,3966238
oxy,2015-08-14,73.04,73.81,72.92,73.4,3204728
mtb,2014-05-15,119.0,119.424,117.15,118.72,744501
myl,2015-04-15,68.49,68.7399,66.71,66.77,8302214
hrb,2015-02-12,35.31,35.445,35.18,35.2,1540623
txn,2015-09-16,48.33,48.765,47.8,48.7,4624450
aes,2016-08-08,12.28,12.32,12.14,12.18,3218185
qrvo,2017-10-06,71.64,72.8,71.64,72.69,607207
tmo,2017-07-10,177.8,178.29,176.74,177.67,1492518
rtn,2014-04-25,96.03,96.1301,94.64,94.9,2847901
pm,2016-06-22,101.0,101.77,100.86,101.03,3504338
expe,2014-07-02,80.84,81.32,80.08,80.26,958844
intc,2016-04-07,31.89,31.9,31.35,31.55,23738226
avb,2016-05-03,180.23,181.52,179.57,181.38,621698
aapl,2014-09-05,98.8,99.39,98.31,98.97,58457035
pvh,2014-11-21,123.91,124.59,121.81,122.45,1025903
abt,2014-02-18,38.96,39.19,38.8,38.93,6794100
mnst,2015-10-08,44.84,45.46,44.4433,45.3866,2415267
lrcx,2014-05-27,60.49,61.82,60.47,61.81,2400626
xyl,2017-06-26,54.39,54.84,54.16,54.68,2000997
mlm,2015-08-17,175.53,176.04,173.11,175.12,498695
bll,2017-04-04,36.645,36.715,36.385,36.695,2463492
re,2016-04-01,196.73,199.45,195.65,199.27,242994
agn,2017-11-10,172.39,173.54,170.79,172.21,3251749
fls,2015-10-30,45.82,47.27,45.5001,46.36,2763056
acn,2015-06-08,95.16,95.4,94.67,94.77,1450598
ctl,2017-09-01,19.84,20.21,19.84,20.04,6877751
dish,2014-06-18,59.25,59.75,58.92,59.62,1403809
abc,2016-07-28,85.05,85.06,84.24,84.82,2434584
aiz,2016-10-14,90.94,91.87,90.7,90.98,301992
ups,2016-01-29,91.63,93.245,91.63,93.2,5220862
aig,2016-04-11,53.44,53.76,53.3,53.41,5187097
pfg,2017-04-20,62.49,63.23,62.27,62.92,1169022
uhs,2014-09-30,109.8,110.17,104.42,104.5,2255958
col,2015-05-28,96.44,96.92,96.17,96.4,926384
coty,2015-02-19,22.33,22.41,22.05,22.08,411352
lb,2014-07-18,57.19,57.76,56.87,57.71,1242433
mhk,2015-10-16,192.23,196.64,191.82,196.11,1120516
mo,2016-02-16,60.26,60.54,59.73,60.3,6590893
spg,2014-07-10,166.53,169.13,166.53,168.22,1026806
aee,2015-09-29,41.55,41.79,41.254,41.69,1360138
viab,2015-10-22,48.79,49.96,48.63,49.65,3388305
vlo,2017-01-27,67.62,68.54,66.71,67.31,4628178
rsg,2017-12-22,66.74,67.08,66.54,66.93,1244168
pwr,2015-04-20,29.26,29.56,29.25,29.32,823930
d,2016-08-17,74.68,76.68,74.32,76.65,4822026
fis,2014-12-26,63.91,63.92,63.46,63.51,366576
wmt,2016-10-28,69.8,70.21,69.73,69.99,6952858
rht,2015-10-01,71.93,73.31,71.65,73.19,1444826
googl,2014-12-03,537.5,541.405,535.21,536.97,1623977
k,2017-04-07,72.36,72.73,72.255,72.59,1811150
gps,2014-12-30,41.89,42.0,41.71,41.95,2246939
ntrs,2015-04-14,71.29,71.52,70.77,71.34,726091
d,2015-09-29,69.46,69.73,68.97,69.29,2524923
lmt,2016-02-04,212.5,213.38,209.28,210.21,1628202
tmk,2016-09-15,64.4,64.99,64.35,64.75,455378
wu,2016-05-25,19.69,19.69,19.33,19.4,2079515
gis,2016-05-18,62.72,62.82,61.93,62.39,3036853
xray,2016-05-20,60.66,61.44,60.38,60.96,3626972
qrvo,2015-03-19,81.52,82.27,79.21,80.38,1885961
dis,2016-08-12,97.82,97.82,96.66,96.84,9360332
stt,2015-06-11,80.74,81.16,80.47,80.84,1260191
dis,2015-03-24,107.72,108.05,107.08,107.11,4493538
re,2017-06-01,255.14,256.04,253.45,255.6,275833
xec,2016-12-21,137.33,138.02,135.58,135.93,511737
cdns,2016-03-18,23.15,23.3,23.11,23.17,5679243
tsco,2015-09-24,82.46,83.22,81.01,82.35,1409062
tjx,2016-02-16,71.04,71.82,70.33,71.37,3925184
jpm,2014-12-08,62.6,63.16,62.26,62.67,15535482
cvx,2014-02-03,112.35,112.46,110.54,111.14,11280034
l,2017-05-23,46.36,46.87,46.2802,46.78,702996
lyb,2017-11-10,104.18,104.79,103.45,104.26,1533303
ko,2015-06-11,40.11,40.25,40.03,40.1,11944854
jci,2016-03-17,38.1047,38.534,38.0314,38.4084,1994332
gpn,2014-09-16,35.275,35.94,35.033,35.765,1325590
exr,2014-01-10,42.75,43.58,42.34,43.57,955843
dltr,2017-10-12,91.23,91.5,89.95,91.37,2185270
vlo,2016-08-29,55.32,55.94,55.25,55.63,3559309
aos,2016-08-01,46.365,46.685,46.215,46.4,1441274
crm,2016-04-27,75.67,76.2,74.8,75.69,3359285
ir,2014-10-23,58.26,60.84,58.25,60.01,2756970
jnj,2014-01-13,94.37,94.99,94.06,94.5,9594869
mchp,2017-02-28,72.94,73.22,72.1,72.52,5667408
es,2016-08-12,57.32,57.62,57.13,57.25,650388
hii,2016-08-29,165.68,167.38,165.68,166.99,137945
uaa,2016-06-30,39.7,40.28,39.1501,40.13,4644785
uhs,2015-06-18,131.6,132.7,130.675,132.11,446865
cop,2015-03-04,64.79,64.79,63.67,64.25,5487142
xyl,2016-12-14,50.94,51.48,50.41,50.57,1095478
key,2014-11-26,13.52,13.63,13.52,13.62,6521207
l,2016-08-11,40.99,41.38,40.77,41.26,579769
emr,2016-05-20,50.45,50.85,50.35,50.65,2439042
chd,2015-03-12,42.115,42.5,42.018,42.46,1092714
fti,2014-04-25,57.57,57.81,56.351,56.8,2014314
dte,2016-11-23,92.82,93.87,92.46,92.66,870503
t,2015-11-25,33.35,33.5,33.24,33.45,14601726
jnpr,2014-02-26,26.72,27.11,26.7,26.89,6603007
adp,2014-09-02,83.68,83.94,83.27,83.69,1207029
ci,2016-08-01,128.75,130.11,126.02,126.79,1905541
efx,2015-05-06,98.53,99.0,97.9,98.54,708504
dhi,2015-10-09,30.64,30.75,30.04,30.65,4672425
ilmn,2014-06-18,169.36,171.98,166.64,171.01,1019624
adp,2016-09-28,89.09,89.09,87.11,87.45,2095348
qrvo,2016-10-07,55.57,56.87,55.24,56.64,1645972
glw,2016-09-22,23.03,23.23,23.02,23.11,8373873
avb,2016-09-21,175.99,179.08,174.04,178.81,685295
t,2017-07-25,36.29,36.5,36.13,36.22,29446967
xrx,2016-12-15,35.96,36.44,35.8,36.12,3544060
rht,2016-01-11,79.8,80.0,77.49,78.28,1604763
chd,2014-10-20,34.165,34.815,34.0425,34.795,1258466
cfg,2014-12-10,25.15,25.41,24.62,24.65,630958
swks,2017-10-27,106.29,108.37,105.75,107.91,2283576
cxo,2017-11-09,144.41,145.94,143.725,144.43,939666
d,2015-04-13,71.9,72.0,71.02,71.09,1360809
intc,2016-03-07,30.59,31.12,30.5,30.94,18879949
jci,2015-02-25,44.6283,45.2356,44.4293,44.9214,2856317
holx,2016-08-19,38.34,38.46,38.175,38.34,2349173
dte,2014-04-16,77.06,77.18,76.28,77.18,1272565
exc,2016-05-02,35.26,35.38,34.82,35.09,3817106
shw,2017-04-17,309.63,311.37,309.03,310.85,342347
pkg,2016-05-26,67.68,67.99,67.11,67.54,688013
ksu,2014-04-24,101.52,101.85,100.18,100.86,787072
syk,2014-08-22,82.78,82.79,82.03,82.14,977010
ua,2017-12-04,11.85,12.09,11.84,11.98,3458177
nwl,2015-09-04,41.25,41.94,41.12,41.73,2312968
pld,2015-06-10,39.13,39.75,39.03,39.39,2338081
dwdp,2017-12-22,71.99,72.35,71.76,72.11,4378410
tmo,2015-07-22,140.22,141.25,138.08,140.06,3412245
bxp,2017-12-12,125.59,126.53,124.705,126.18,499837
googl,2015-06-12,547.15,548.85,545.63,547.47,1273383
aiv,2015-06-11,37.23,37.66,36.87,37.5,2150899
pcln,2017-04-28,1851.49,1858.61,1838.48,1846.82,477366
xel,2014-02-05,28.35,28.44,28.21,28.27,2351494
gild,2017-03-06,70.56,70.6,69.7,70.12,7335858
tdg,2014-06-04,190.45,191.7,190.042,191.16,414076
rok,2015-09-25,101.55,101.99,99.61,100.28,1046873
pkg,2014-03-13,72.28,72.78,70.78,71.23,1074393
ame,2016-07-11,46.12,46.31,45.89,46.24,1298221
scg,2014-12-16,56.48,58.22,56.48,57.64,1637127
cme,2015-01-22,85.58,88.9,85.38,88.57,2125850
abbv,2015-12-14,53.71,55.475,53.24,55.44,9419471
hsy,2016-08-15,111.41,112.75,111.04,111.82,1116101
cfg,2015-01-20,23.16,23.85,22.91,23.1,1742114
aapl,2015-11-05,121.85,122.69,120.18,120.92,39552680
wat,2014-11-14,113.93,113.93,112.11,112.48,339757
cmi,2017-10-03,169.37,170.87,169.35,170.82,1027734
bdx,2017-02-02,181.0,181.44,176.74,177.97,1285417
ca,2016-09-22,32.96,33.0,32.6,32.76,1527101
mro,2016-11-07,14.1,14.26,13.915,14.15,16077005
unm,2016-02-17,26.99,27.73,26.99,27.51,3201664
bby,2016-08-11,34.2,34.78,34.09,34.62,4739755
incy,2016-08-26,80.06,82.19,79.36,81.04,891449
pfg,2014-11-26,54.25,54.25,53.68,54.18,753338
el,2017-11-01,120.15,124.8,117.14,122.12,7620652
tel,2014-03-26,60.16,60.4,59.01,59.08,1547117
vmc,2014-11-12,65.53,65.72,64.81,65.46,889747
gild,2017-04-21,66.54,66.68,65.7478,65.93,7241809
stx,2016-12-07,39.76,40.355,38.9,40.27,7636382
mon,2014-10-20,111.34,112.81,111.05,112.63,3970930
goog,2017-10-18,991.77,996.72,986.9747,992.81,1057581
mdt,2016-03-07,75.27,76.12,75.23,76.01,5256678
len,2014-06-19,40.5882,41.0392,40.1863,40.3529,2014378
emn,2015-11-10,69.11,69.57,67.81,68.62,1535650
dal,2014-09-24,37.78,38.02,37.46,37.66,11253004
trip,2014-12-23,77.1,77.409,75.61,75.89,2452159
bmy,2015-06-08,65.85,66.04,65.15,65.32,6939711
ppl,2015-08-10,32.32,32.67,32.32,32.41,3252762
chtr,2014-07-17,162.0,164.282,161.5,163.0,1551330
ea,2014-10-21,35.09,35.7,35.03,35.69,2681343
pdco,2017-12-05,37.39,37.47,36.15,36.32,1341133
dwdp,2017-09-18,70.0,70.37,69.62,69.77,7193708
expd,2015-08-14,48.84,49.4,48.6,49.28,1000698
emr,2016-08-15,54.06,54.84,54.06,54.71,2945170
hd,2017-04-17,145.9,147.31,145.76,147.31,3467650
lnc,2016-01-27,39.08,40.18,38.6039,38.88,2201442
goog,2016-07-06,689.98,701.68,689.09,697.77,1411925
re,2016-04-28,183.71,185.6,181.62,184.34,436333
sre,2014-11-17,108.61,110.15,108.22,109.98,583021
fe,2016-07-22,35.96,36.585,35.87,36.51,5033971
antm,2014-09-26,121.18,121.97,119.754,120.8,1823666
apd,2017-10-18,153.59,153.82,152.05,153.2,1114568
ko,2016-03-31,46.55,46.88,46.32,46.39,15544517
cxo,2016-02-23,93.93,94.35,90.16,90.87,2552326
lll,2014-06-30,121.65,121.65,120.52,120.75,547548
idxx,2015-07-08,62.11,63.33,61.77,61.96,655500
isrg,2016-10-12,237.3331,237.7431,236.2398,236.9764,514548
chrw,2014-11-17,72.78,73.1699,72.485,72.515,988122
de,2017-02-10,109.25,110.39,109.1525,110.24,2757834
low,2016-08-25,76.68,77.705,76.68,77.47,4935490
sjm,2016-01-25,122.43,123.6185,121.68,121.85,733598
cvs,2016-12-14,80.3,81.13,78.52,78.96,7278757
leg,2015-06-23,49.55,49.95,49.335,49.43,672746
azo,2016-04-22,767.07,773.36,762.77,771.07,181432
esrx,2017-09-25,62.17,63.15,62.0,62.47,2960650
orcl,2017-12-15,48.345,48.48,47.0,48.3,75176011
es,2015-09-30,49.26,50.66,49.11,50.62,2556332
dhr,2017-09-26,85.86,86.05,85.15,85.46,2388193
el,2017-07-21,96.76,98.01,96.76,97.95,1163164
ccl,2015-11-10,52.31,53.2,52.24,53.13,2879068
lb,2014-01-10,57.65,58.22,57.05,57.86,2216100
syk,2016-12-15,118.0,119.02,116.79,118.82,1656998
dri,2017-01-23,73.38,73.44,72.44,73.0,1436192
avb,2016-04-26,182.01,184.23,180.9,181.75,494609
sre,2017-09-21,116.0,116.855,115.89,115.91,1248213
kr,2017-03-28,28.97,29.17,28.85,29.04,5636988
sni,2015-04-14,69.16,69.685,68.81,69.57,988047
aap,2017-04-25,147.0,147.0,144.2,145.67,1030394
rok,2014-08-25,117.16,117.81,116.375,117.35,520255
mrk,2014-04-09,55.22,57.15,55.2,57.1,16115561
ma,2016-11-15,101.38,102.99,101.38,102.48,4633090
wec,2016-06-29,64.63,64.81,63.785,64.16,2644462
mo,2017-01-06,67.94,68.32,67.7789,68.23,4925919
mmm,2016-07-07,175.09,175.64,174.1301,174.87,1842372
wyn,2016-07-18,75.49,76.22,75.43,75.95,781336
dre,2015-07-29,19.7,20.08,19.6,19.99,2332060
nem,2016-09-19,38.79,38.88,38.22,38.43,5123770
mdlz,2014-04-07,34.45,34.59,34.13,34.225,11245656
ew,2017-07-25,117.64,117.64,115.0,115.87,1538229
stz,2014-07-28,86.52,86.53,85.19,86.07,858945
kmi,2015-12-16,15.73,16.22,15.64,15.94,41548582
ayi,2014-07-31,108.63,109.49,107.07,107.27,411900
jpm,2015-01-21,55.45,56.42,55.19,55.89,21842362
txt,2016-11-16,44.88,45.22,44.59,44.62,1023329
dish,2015-02-20,77.1,78.54,76.28,78.31,3350330
adp,2015-07-07,80.97,81.24,79.85,81.07,1747574
ntap,2014-06-25,36.05,36.17,35.52,36.0,3232367
viab,2017-06-16,34.96,35.17,34.55,35.07,9495309
mpc,2016-01-07,47.84,48.86,47.29,47.99,7563519
disck,2017-10-05,20.58,20.72,20.241,20.37,1863109
lkq,2017-07-19,32.99,33.45,32.91,33.39,1234848
cfg,2016-05-16,21.42,21.9,21.3,21.71,4284660
syf,2017-05-18,26.43,26.775,26.41,26.5,7949542
cpb,2016-06-17,62.75,62.75,61.87,62.44,2064263
celg,2016-09-28,107.62,107.62,105.45,105.83,4713821
googl,2014-01-30,573.0725,576.8212,564.1886,568.2647,10271942
eog,2014-08-20,107.09,107.45,106.1,107.28,2185882
txn,2016-06-27,59.87,60.0,58.61,59.07,7488740
rcl,2016-02-17,72.29,73.94,72.1,73.3,2931436
ups,2017-06-23,109.22,111.3,108.96,110.27,4352130
hsy,2016-12-29,103.07,104.2,103.0696,103.99,625130
gis,2017-03-08,60.3,60.36,59.945,60.07,2114849
ntrs,2017-07-10,97.86,99.049,97.7,98.55,863461
f,2016-12-09,13.0,13.2,12.91,13.17,45256112
fcx,2016-09-14,10.09,10.18,9.7,9.8,48079292
ibm,2014-01-10,188.31,188.57,186.28,187.26,4023089
myl,2017-07-14,39.37,39.575,39.04,39.21,3397120
klac,2015-09-15,52.42,52.825,51.97,52.58,1821772
re,2017-11-24,219.37,219.8925,217.3,217.67,299247
are,2017-07-20,122.08,123.18,121.95,122.07,556098
eix,2015-10-14,63.55,64.49,63.49,63.82,1751585
hrs,2017-08-17,119.35,120.65,119.11,119.11,565370
mdt,2014-03-20,59.81,59.81,59.17,59.58,2891588
csx,2014-06-26,30.66,30.66,30.27,30.65,5671633
viab,2015-09-08,44.31,44.49,43.25,44.02,7979991
var,2016-08-12,94.96,94.96,94.19,94.92,421505
mrk,2015-12-08,53.57,54.4,53.22,53.47,7573196
pbct,2016-09-12,16.04,16.21,15.895,16.16,3241261
anss,2016-09-02,95.17,95.7,94.87,95.66,654533
whr,2014-06-17,138.04,138.73,136.64,138.0,932683
pcar,2017-02-23,68.34,68.49,67.11,67.44,1362297
aes,2016-01-15,8.63,8.65,8.32,8.54,8596063
myl,2015-12-16,54.2,54.74,53.17,54.39,4889068
mpc,2015-10-16,50.63,51.2,50.08,51.13,4642636
tgt,2016-03-28,82.38,83.435,82.31,82.8,5692998
dre,2017-04-18,28.17,28.33,27.86,28.0,3226456
dal,2017-01-05,50.41,50.685,49.5,49.73,5806193
iqv,2017-11-28,102.25,102.8,101.59,101.73,6276499
rop,2015-04-01,171.41,171.41,168.92,169.77,582626
jwn,2015-04-28,76.74,77.67,76.08,77.34,1145299
low,2014-02-03,46.26,46.525,45.48,45.6,7755040
kmb,2017-06-14,129.78,130.87,129.78,130.37,1203219
sbac,2014-03-19,94.97,95.05,93.04,93.74,779369
aiz,2015-02-20,60.59,60.8,59.82,60.67,1241213
are,2016-07-27,108.92,110.0,108.36,108.8,902931
fls,2017-10-16,44.65,44.79,44.33,44.64,1510527
sti,2016-12-29,55.62,55.69,54.4,54.69,3155999
ntap,2016-05-19,23.62,23.78,23.2532,23.4,2058912
mcd,2017-09-13,156.74,157.78,156.0,157.0,4705601
ctxs,2017-07-31,79.99,79.99,78.25,78.98,1523024
mas,2014-07-03,22.26,22.54,22.2,22.41,1591204
jnpr,2017-03-22,27.81,28.145,27.7,28.01,2778795
emr,2014-06-13,66.5,66.845,66.24,66.47,3088127
amp,2015-04-07,129.61,130.175,128.16,128.16,912100
sna,2014-10-23,127.37,128.79,127.15,127.63,479311
leg,2014-12-05,41.9,42.07,41.65,41.76,929295
sni,2017-05-10,69.46,70.11,68.61,69.33,2127053
cxo,2015-09-25,102.82,103.655,100.44,100.96,1007790
ffiv,2017-11-30,130.21,134.5,129.16,134.2,2280060
alle,2014-06-19,57.33,57.74,56.04,57.27,875847
adp,2017-06-08,101.11,101.265,100.44,100.77,2613062
chtr,2015-02-02,151.16,154.31,150.29,154.0,1042320
lly,2015-11-20,84.3,85.5,84.11,84.47,4251456
rht,2017-08-01,98.37,99.23,98.21,98.36,799146
gpc,2017-04-26,93.58,93.89,92.91,93.13,665858
mon,2017-09-01,117.3,117.5,117.15,117.21,949311
vtr,2015-06-11,64.05,64.3307,63.871,64.07,2213354
hsic,2016-01-19,74.34,80.53,73.145,74.175,1112294
spg,2014-04-21,170.31,171.16,169.8,170.64,1155643
chtr,2017-11-17,341.38,349.54,338.955,341.54,1250464
rjf,2017-05-24,73.28,73.55,72.31,72.85,563446
nee,2015-11-10,98.88,99.52,98.64,99.0,1686646
rl,2015-04-30,134.01,134.54,132.28,133.41,834370
iqv,2017-11-15,102.67,104.38,100.9001,103.84,599948
noc,2014-07-17,122.42,124.0,122.35,122.56,803167
holx,2017-12-01,41.7,41.93,40.37,40.85,4392597
rtn,2015-03-18,108.74,111.18,108.072,110.67,1520527
cat,2015-02-09,83.05,84.87,82.95,84.67,7693830
bax,2017-07-13,61.36,61.42,60.79,61.3,1736190
jpm,2016-12-27,87.05,87.16,86.75,87.13,6946360
a,2016-06-08,45.75,46.18,45.71,46.15,1552146
pcln,2015-06-25,1158.0,1160.9,1148.65,1149.19,335050
disck,2016-08-24,25.6,25.73,25.3,25.34,1101776
nbl,2016-02-12,28.6,29.32,28.28,28.73,5051934
cmg,2014-03-21,616.47,622.9,607.36,611.12,778895
adsk,2016-09-02,67.93,68.48,67.6,68.01,1114226
ayi,2014-03-17,140.71,142.61,139.91,141.84,411802
ccl,2015-08-03,53.15,53.18,51.88,52.22,4078582
slb,2016-06-30,77.96,79.138,77.85,79.08,4941269
navi,2014-11-17,20.33,20.84,20.31,20.81,1436762
wmt,2015-02-06,87.26,88.0,86.78,87.33,5617641
xray,2016-04-22,60.7,61.0,60.19,60.72,1230062
ual,2017-06-19,77.13,78.76,76.79,78.63,3336816
pnr,2016-08-08,64.75,64.9,64.16,64.38,872940
disck,2015-09-18,25.99,26.43,25.66,26.24,2532826
tel,2016-02-26,57.59,58.0,57.42,57.66,2119535
biib,2014-12-23,353.56,353.79,328.68,335.76,2635166
vrtx,2016-02-08,85.23,85.85,79.81,82.0,4215071
amg,2016-01-15,128.22,129.728,124.41,128.2,951676
eog,2014-04-09,98.94,99.17,97.99,98.95,3826712
blk,2014-10-30,330.02,334.31,330.0,333.23,601508
hrs,2015-11-11,79.5,79.78,79.07,79.45,668856
nee,2015-11-27,99.12,99.7,99.015,99.37,724856
atvi,2016-10-31,43.42,43.63,43.0,43.17,7173977
col,2014-04-09,78.3,78.99,77.972,78.94,520090
cma,2016-12-02,64.66,65.74,64.4,65.36,2095486
ftv,2016-10-13,48.63,49.68,48.0,48.82,1209563
o,2015-08-20,47.82,48.65,47.7,48.1,1561400
mo,2017-04-10,71.98,72.03,71.61,71.76,5576763
pypl,2015-12-11,35.15,35.3263,34.42,34.69,8309205
eqr,2016-07-26,69.7,69.9,69.37,69.82,1890059
unm,2017-12-14,55.0,55.115,54.14,54.26,2347077
ba,2017-05-11,182.9,184.33,182.17,183.94,2883815
prgo,2016-04-06,128.83,132.055,128.7,130.71,2388817
pnc,2017-08-08,130.6,133.26,130.6,132.36,2802924
hca,2014-12-26,75.04,75.34,74.69,74.82,771726
ccl,2016-01-20,49.0,49.03,46.86,48.31,10088408
fcx,2016-05-27,11.35,11.42,10.96,11.14,28617031
low,2016-09-26,71.92,72.08,70.76,70.81,7550311
fbhs,2017-03-15,60.31,61.39,60.29,61.14,891208
tif,2016-02-04,63.28,64.99,63.14,64.68,3578104
cf,2014-01-02,46.606,47.36,46.4588,46.738,3460110
gt,2015-09-18,30.71,30.79,30.25,30.46,3773780
mgm,2014-08-12,24.83,25.03,24.51,24.81,4912444
t,2015-02-23,33.97,34.05,33.74,33.85,23418791
fti,2015-09-08,33.53,33.94,33.22,33.85,3135816
gt,2017-05-25,32.43,32.59,31.91,32.02,2849375
wmt,2017-07-21,75.84,76.23,75.55,76.15,7153326
intu,2014-02-28,77.39,78.3,77.27,78.15,2318097
oke,2015-05-28,42.86,43.05,41.83,42.21,2404099
fb,2017-03-21,141.15,142.3082,138.4,138.51,29894784
ksu,2015-01-06,115.31,115.61,111.69,112.71,1265450
pxd,2016-11-15,176.24,180.1,175.27,178.73,1947018
nee,2014-11-28,103.31,105.13,103.31,104.39,988036
fbhs,2016-09-22,57.49,58.325,57.49,58.2,1483887
cog,2014-10-31,30.66,31.12,30.125,31.1,6339995
cnc,2014-11-19,49.14,49.425,48.835,49.235,1087196
nwl,2016-01-14,37.61,38.04,36.88,37.48,8768312
cdns,2016-01-21,19.12,19.26,18.84,18.93,1752874
ice,2015-03-09,46.25,46.896,46.014,46.786,3447990
cci,2016-11-09,88.5,88.74,85.27,85.73,5479382
tgt,2015-10-02,78.07,79.57,77.4,79.53,4631086
trow,2015-12-04,75.3,76.26,75.14,76.03,2197406
cinf,2017-11-01,70.26,71.12,70.21,70.71,564987
regn,2014-08-07,342.14,342.9825,337.25,338.73,626562
sig,2015-07-01,129.4,129.4,125.211,127.13,506741
f,2017-02-02,12.3,12.37,12.23,12.28,29035383
nflx,2014-09-10,68.5999,69.2499,68.148,69.1985,9110731
nwl,2014-01-17,32.2,32.23,31.74,31.77,2162709
fisv,2016-05-05,99.06,99.85,98.78,99.25,1371057
len,2015-02-10,47.8039,48.6274,47.2647,48.4118,3384366
mar,2016-04-19,67.62,68.83,67.38,67.81,5440748
shw,2015-05-11,287.0,288.77,285.945,286.95,540557
xec,2015-11-06,115.23,119.1,114.3475,117.76,1154508
brk.b,2014-09-02,138.03,138.27,137.06,137.96,3319300
stx,2014-01-03,55.61,57.14,55.31,56.82,3049357
fast,2015-09-15,38.35,38.84,38.15,38.68,1798590
d,2016-06-30,76.65,77.93,76.47,77.93,3348224
tdg,2017-05-02,249.9,251.02,248.76,250.84,644305
abt,2015-02-25,47.55,47.735,47.24,47.4,4777445
cvx,2015-06-05,101.18,103.1,100.99,101.59,6080925
clx,2016-08-29,130.83,131.77,130.75,131.46,508361
cern,2014-09-04,59.03,59.59,58.93,58.985,2367656
vfc,2015-07-27,74.96,75.22,73.173,73.91,2145963
adp,2014-11-10,84.31,85.2799,84.06,85.12,1611442
amp,2014-08-01,118.2,119.505,117.63,119.07,812220
abbv,2016-12-12,61.53,62.45,61.51,62.04,5984483
col,2016-12-20,93.97,94.7,93.61,94.69,870424
fbhs,2017-02-21,57.02,57.69,56.915,57.38,983015
apd,2017-05-04,143.91,145.58,143.9,144.76,2303220
cvs,2016-08-12,97.32,97.45,96.89,97.43,2362711
hes,2014-07-08,98.96,100.1197,98.8,98.96,2671421
kss,2016-07-05,37.69,37.74,36.28,36.74,3244167
all,2014-03-11,55.9,55.93,55.5,55.61,2361901
unm,2015-12-11,34.46,34.74,33.76,33.95,1289165
mco,2016-10-07,108.93,108.95,107.85,108.26,515218
whr,2016-05-26,173.86,175.21,171.56,172.25,628226
amat,2016-02-24,18.28,18.72,18.09,18.69,10670974
hban,2015-04-27,10.86,10.94,10.69,10.71,12057340
mdt,2015-09-14,69.77,69.89,68.505,68.73,6219568
ir,2015-02-11,66.69,67.06,66.61,66.66,1988416
foxa,2014-08-28,35.63,35.81,35.57,35.6,6975848
pki,2015-11-12,51.4,51.69,50.67,50.68,556773
cboe,2014-12-23,64.85,65.39,64.65,64.69,360744
chtr,2017-04-24,340.03,342.1417,338.74,340.36,1138235
yum,2016-09-12,86.78,88.83,86.68,88.66,3714974
apc,2017-03-28,60.24,61.42,60.0,61.14,4473495
abt,2017-03-03,45.42,45.56,45.11,45.25,6790781
unp,2017-09-19,112.39,113.18,112.11,113.0,4168929
aet,2016-03-04,109.14,109.8,107.83,108.06,3461181
udr,2014-04-09,26.02,26.02,25.6,25.83,1527489
xlnx,2016-11-11,50.84,51.83,50.78,51.64,3310615
unh,2014-04-15,79.36,79.72,78.06,79.51,4719051
it,2017-04-03,108.08,109.41,107.7,108.95,1520760
wyn,2015-06-03,85.0,85.71,84.92,85.55,781027
hon,2016-03-07,107.82,108.24,106.61,107.47,3882945
wrk,2015-09-16,59.23,59.23,57.01,58.79,1964997
tgt,2016-10-31,68.78,69.25,68.513,68.73,3349469
nws,2017-01-12,12.5,12.6,12.3,12.45,1156985
spg,2016-11-14,181.28,186.33,179.2,185.59,1786867
gild,2017-03-29,67.1,67.565,66.91,67.26,7224725
fcx,2015-10-27,11.82,11.99,11.315,11.61,23378673
lll,2017-01-19,149.03,152.07,149.03,151.91,650528
wu,2017-05-16,19.39,19.42,19.08,19.15,4167823
l,2014-11-10,43.49,43.61,43.25,43.46,888612
nem,2015-08-21,18.85,18.92,18.1,18.14,9452108
wat,2015-10-13,119.84,121.12,118.78,119.06,236504
anss,2016-11-30,94.21,94.48,93.39,94.03,699383
khc,2017-03-27,91.5,91.59,91.0913,91.25,1699017
eog,2015-02-02,90.99,92.57,89.53,92.52,5615475
apa,2016-01-21,34.33,37.59,34.12,37.24,7468009
flr,2015-08-03,46.51,47.5,45.93,47.09,2537155
mlm,2017-02-14,226.62,229.11,221.36,226.41,1557078
mro,2017-09-19,12.09,12.1185,11.92,12.0,7781787
swk,2015-08-31,100.51,102.33,100.18,101.52,1507017
wba,2017-03-24,83.25,83.34,82.61,82.97,2110083
coty,2015-06-08,25.75,25.91,25.45,25.51,1054948
orcl,2017-06-21,46.15,46.54,46.08,46.33,30757278
sti,2016-02-23,34.66,34.88,33.61,33.83,3718584
len,2014-07-29,37.0,37.0196,36.3725,36.7353,3142596
lmt,2017-04-27,270.84,272.77,269.94,271.14,953829
csco,2014-04-17,23.01,23.29,22.78,23.21,47813602
mar,2015-06-18,77.37,78.5,77.36,78.15,1506863
dov,2014-02-04,83.02,83.93,82.47,83.62,1580997
o,2016-07-01,69.5,70.08,69.06,69.64,1823883
cat,2014-08-15,106.01,106.42,105.13,105.74,4099265
cern,2014-06-10,53.71,53.9,53.12,53.35,896966
aig,2016-08-15,59.02,59.34,58.95,59.22,3456019
amgn,2015-05-14,159.9,162.16,158.19,161.98,2717473
jbht,2015-10-26,78.3,78.44,77.63,77.9,603829
tgt,2017-02-22,66.06,66.28,65.6,65.94,3029411
mat,2016-06-03,31.65,31.82,31.38,31.63,1847195
pki,2017-10-13,71.93,72.11,71.17,71.39,410175
hca,2015-05-07,74.7,77.37,74.544,76.59,4451848
aapl,2017-02-21,136.23,136.75,135.98,136.7,24507156
cma,2014-12-19,46.35,47.12,45.93,46.03,3476115
regn,2015-06-12,499.44,500.78,490.868,492.29,983899
tif,2015-10-09,81.86,82.4499,80.96,81.4,818266
trv,2017-11-30,135.21,136.48,133.825,135.57,2193898
tel,2017-05-17,75.45,75.57,73.89,73.95,1333293
hd,2016-08-25,134.73,136.16,134.37,135.43,3168909
hp,2014-04-30,107.5,108.68,105.8,108.65,1367442
dg,2017-03-17,73.31,73.8699,71.88,72.33,4356463
hban,2014-09-23,10.01,10.07,9.92,9.92,6963231
stt,2014-09-10,71.75,72.49,71.593,72.19,2078618
andv,2017-12-27,114.27,115.82,113.75,115.0,1415728
coo,2016-12-09,168.0,175.0,168.0,170.62,1200077
sbux,2017-07-11,57.91,58.08,57.53,57.9,5422330
pm,2017-01-23,94.61,94.81,94.32,94.76,3350306
eqt,2017-04-20,62.5,64.01,62.21,63.27,1477710
dfs,2014-03-06,58.44,59.06,58.39,58.77,2291938
hrb,2015-09-25,35.98,36.31,35.74,36.05,2959120
psa,2016-09-08,225.1,225.36,222.53,223.0,1401202
mgm,2014-10-09,22.12,22.21,21.36,21.39,10589865
nflx,2016-09-22,95.54,95.88,94.23,95.83,11214973
coo,2016-01-04,132.46,132.46,130.935,131.86,411964
mdt,2015-09-24,68.58,68.88,67.86,68.38,6840710
maa,2016-11-28,91.65,93.16,91.65,92.26,941763
cf,2017-12-04,37.95,38.69,36.84,36.9,4267213
nwsa,2014-08-06,17.6,17.71,17.5,17.63,2169501
unm,2014-06-04,34.57,35.43,34.57,35.15,1286104
aal,2017-09-14,46.79,46.94,46.12,46.19,5360496
ctas,2014-02-25,59.64,60.01,59.29,59.96,707509
oke,2014-05-19,62.5,62.72,62.12,62.2,664996
omc,2014-12-10,78.0,78.05,77.45,77.48,2245479
zion,2014-10-30,28.63,28.9,28.43,28.68,1497398
adbe,2015-10-15,84.19,86.86,84.09,86.77,4381865
syf,2017-10-02,31.17,31.49,30.92,31.48,4478645
k,2015-12-24,72.89,73.13,72.62,72.87,374751
msi,2016-03-07,70.67,71.19,70.47,71.01,2181904
kmb,2016-10-21,119.0,120.46,118.52,119.58,2217355
amt,2017-01-18,105.26,106.42,105.04,105.67,2078068
ice,2017-06-21,64.43,64.5,63.93,64.29,2323856
wyn,2017-09-12,99.93,101.04,99.62,100.84,555651
wmb,2016-02-11,12.08,13.98,11.76,13.29,16261451
var,2017-01-23,90.0,90.43,89.55,90.0,1232381
aes,2015-05-19,13.68,13.68,13.31,13.62,7772460
uaa,2016-03-22,42.68,42.68,41.7725,42.225,4534388
vno,2015-08-28,89.89,90.81,88.74,89.52,929853
pnr,2016-05-24,59.68,60.32,59.35,60.08,988866
emn,2017-07-13,85.85,86.07,85.08,85.15,740097
wm,2017-06-29,73.49,73.7,72.58,73.02,2280887
duk,2017-04-26,82.57,83.285,82.44,82.6,2291774
syy,2017-06-30,49.94,50.47,49.94,50.33,3792443
intc,2015-01-28,34.47,34.7,33.72,33.775,34929097
pkg,2016-06-20,66.52,67.9,66.52,67.57,1045638
eog,2015-01-21,90.59,91.4,89.68,90.54,4911939
twx,2014-08-04,83.85,87.27,83.63,85.53,7922668
pm,2016-11-28,89.37,90.35,89.29,90.24,5077234
mck,2016-12-07,142.68,143.45,136.81,141.62,4363825
wy,2014-06-19,30.82,30.94,30.71,30.87,4391656
all,2015-01-30,70.49,70.84,69.7,69.79,2486684
nsc,2016-08-18,89.83,91.67,89.65,91.67,1580851
re,2015-11-09,180.59,182.05,179.52,180.41,177172
fb,2014-04-08,57.68,58.71,57.17,58.1901,78835935
mo,2014-06-05,41.23,41.48,41.15,41.29,4116260
payx,2014-08-13,41.67,41.86,41.42,41.57,1927361
crm,2017-10-11,95.39,96.01,94.83,96.01,2640822
ivz,2017-07-27,36.34,36.34,33.86,34.6,6188153
amat,2014-01-07,17.37,17.43,17.255,17.37,8133172
nbl,2016-04-13,33.72,33.77,32.74,32.95,4371240
ew,2015-01-16,64.185,64.635,63.585,64.58,1976316
fti,2017-05-10,31.95,32.39,31.9,32.01,3271562
ame,2017-09-06,63.4,63.49,63.04,63.46,848263
px,2015-09-24,100.0,101.425,98.55,101.0,2723883
nsc,2015-08-12,80.46,81.68,79.9301,81.34,1701571
oxy,2017-10-27,64.02,65.43,63.65,65.05,5064265
sna,2015-07-21,163.34,163.94,161.43,162.55,340429
evhc,2017-07-18,61.77,61.77,60.9,61.14,709127
vlo,2016-08-01,52.13,52.63,51.39,51.63,6897328
ea,2017-10-10,119.03,119.49,116.71,117.82,1558231
cmg,2014-01-13,539.71,544.49,526.37,529.8,510359
aal,2017-05-30,48.32,48.5775,47.79,47.96,5512854
bax,2015-10-09,33.19,33.475,33.15,33.21,4960243
lll,2015-05-14,118.6,120.01,118.35,119.97,623772
amg,2015-11-09,187.08,187.08,176.99,177.87,600165
zion,2017-01-25,43.03,43.66,42.93,43.28,2584589
hp,2017-12-13,59.03,59.43,57.62,57.92,791061
ntap,2014-10-06,41.56,41.68,40.98,40.99,2494330
it,2016-12-12,103.82,103.82,102.36,102.88,188845
hp,2017-10-11,52.67,53.09,51.68,52.28,1382484
phm,2017-07-07,24.43,25.2,24.42,24.94,9620655
disck,2015-02-09,28.7,29.24,28.59,29.13,1030973
ccl,2015-10-23,53.05,53.83,52.85,53.58,5563088
ctl,2017-02-24,24.63,24.73,24.43,24.58,6056642
tsco,2016-04-25,94.0,95.43,93.688,95.14,1222406
flir,2016-08-04,31.68,31.99,31.6,31.65,582398
awk,2014-09-30,48.25,48.92,48.2,48.23,826427
dhr,2014-04-16,73.79,73.87,72.86,73.65,4069812
tmo,2014-12-09,127.11,128.36,126.04,128.29,1107929
ph,2017-05-23,158.17,158.75,156.9,158.05,984537
swk,2014-10-17,83.65,85.05,83.56,84.19,1438864
disck,2016-12-12,28.2,28.25,27.22,27.7,1954091
usb,2015-04-08,43.37,43.62,43.308,43.43,3820396
wu,2015-04-13,20.6,20.71,20.5,20.5,4434386
hpq,2016-02-04,9.6,9.935,9.6,9.86,11744573
sbac,2016-04-14,101.67,101.99,100.58,100.86,405540
swks,2015-03-23,102.25,102.77,101.68,101.76,3600442
tss,2014-02-28,30.62,30.73,30.22,30.46,1562321
pwr,2016-06-07,23.92,24.305,23.845,24.1,2317311
xlnx,2015-07-27,39.9,40.295,39.42,40.06,3383781
rhi,2014-01-15,41.41,43.06,41.41,42.68,1501677
rhi,2017-04-07,45.58,45.76,45.21,45.24,880663
axp,2016-12-21,75.11,75.57,74.69,75.32,3244537
low,2014-09-03,52.7,53.04,52.36,52.91,5820098
nflx,2014-07-18,62.9728,63.4714,62.2492,63.4528,11772201
wyn,2016-01-20,63.7,65.84,61.72,64.99,2407264
amzn,2016-05-13,714.64,719.25,706.51,709.92,4763419
fmc,2015-03-25,59.05,59.16,57.96,57.96,834741
bby,2017-09-11,55.81,55.99,55.34,55.96,3535311
cf,2015-02-17,60.038,60.482,59.304,59.742,3937610
gps,2014-12-23,41.27,41.799,41.23,41.37,1973823
rtn,2017-03-14,154.21,154.75,153.6971,154.4,960684
jpm,2016-10-12,68.26,68.59,68.05,68.13,11899831
k,2016-09-12,77.28,79.3701,77.25,79.13,2443652
sni,2014-08-28,80.37,80.41,79.89,80.11,398396
vrsk,2016-11-18,82.83,83.53,82.82,83.16,1905749
lnt,2015-07-16,30.235,30.74,30.235,30.67,1234932
cop,2017-05-19,46.89,47.6857,46.62,47.48,7206164
xyl,2016-05-13,43.23,43.41,42.89,43.15,1417201
akam,2014-09-16,61.22,62.53,61.0201,62.16,1587505
cvx,2017-05-05,104.92,105.885,104.7,105.79,5060047
fbhs,2015-09-29,47.98,48.31,46.4,46.75,1895402
esrx,2015-04-30,84.77,88.86,84.6501,86.4,9928669
slg,2016-09-26,113.39,113.685,112.1,112.29,685298
lkq,2014-04-09,27.71,27.91,27.42,27.84,1283909
chtr,2016-03-08,184.66,186.2,182.7,182.92,1771635
a,2015-09-24,34.56,34.64,34.15,34.55,2028940
pnc,2016-05-25,89.48,90.85,89.365,90.23,2322832
sna,2017-12-26,175.15,175.86,174.43,174.82,193247
dgx,2016-06-17,77.13,77.2697,75.2,75.73,1953876
swk,2014-11-03,93.75,94.39,93.48,93.61,847236
sjm,2017-10-12,104.13,106.51,104.13,106.01,1282171
fb,2015-10-15,94.99,96.3,94.9,95.96,27557516
chrw,2014-05-02,58.51,58.875,58.21,58.45,1459843
mck,2016-04-20,176.4,178.45,175.01,177.54,1464004
jci,2014-02-21,44.3612,44.6073,44.178,44.2827,2359492
expd,2017-06-02,54.36,55.045,53.21,54.74,1547372
srcl,2017-10-02,71.83,72.73,71.83,72.66,590878
xray,2016-11-09,62.92,62.92,59.95,61.19,2048874
slb,2014-05-20,100.03,100.92,99.97,100.39,3904126
vtr,2014-08-26,65.45,65.77,65.23,65.25,1813735
peg,2017-07-05,42.69,42.69,41.9,42.32,3085435
rtn,2014-04-28,96.28,96.39,94.5,95.44,2773561
gt,2015-03-24,26.2,26.37,25.91,26.37,2116141
fe,2015-03-10,34.08,34.645,33.96,34.4,3647322
dg,2015-05-20,74.09,74.09,72.83,72.88,4146305
fisv,2016-02-12,93.35,94.3299,92.41,93.07,1122501
biib,2014-07-16,313.83,313.83,302.55,303.74,1805400
see,2016-05-26,46.97,46.97,46.24,46.54,1701338
mpc,2014-06-18,43.32,44.44,42.89,44.32,6749994
iff,2016-06-29,122.41,124.14,122.13,123.81,845609
tdg,2016-12-28,250.5,250.74,248.19,249.5,188979
f,2017-10-10,12.34,12.42,12.25,12.39,40586234
has,2017-03-06,97.51,97.82,97.01,97.04,867270
rf,2015-11-02,9.44,9.6,9.38,9.58,13042759
aet,2015-04-30,108.0,108.71,106.68,106.87,3162917
mnst,2014-08-01,21.4166,21.87,21.39,21.7366,5039949
symc,2017-10-13,32.14,32.49,32.075,32.36,3356123
cnp,2014-02-12,23.28,23.52,23.28,23.3,3340972
cms,2016-09-30,42.38,42.66,41.715,42.01,2221250
eqr,2017-10-09,66.44,66.57,66.11,66.44,1251454
bmy,2015-03-25,65.7,66.395,64.65,64.7,7000981
rjf,2017-02-21,79.16,79.42,78.8,79.24,500919
ppg,2017-07-28,106.15,106.54,105.445,106.03,1724437
gww,2017-06-16,176.86,180.32,175.03,180.32,1276037
xom,2016-08-22,87.31,88.1,86.845,87.99,8235406
mos,2016-08-26,28.67,28.9,27.47,27.6,5416518
avy,2016-05-02,72.65,74.48,72.26,74.35,898930
mpc,2015-07-13,59.33,60.38,58.3,58.78,14320772
dva,2015-01-22,75.98,76.32,75.0,76.15,1358000
ctas,2017-08-04,134.64,135.28,133.48,135.0,355769
fmc,2017-03-06,58.97,59.31,58.51,59.15,1126063
len,2014-04-21,37.4804,37.6961,37.0392,37.2843,3306802
etfc,2016-08-16,25.33,25.54,25.32,25.39,1094133
flr,2015-08-18,47.96,48.195,47.36,47.59,1469919
ups,2015-05-14,99.41,101.32,99.4,100.67,5966415
hban,2017-01-04,13.32,13.55,13.32,13.48,12001891
fe,2014-10-28,36.18,36.77,36.11,36.76,2426493
hsic,2017-12-07,67.45,68.11,67.19,67.57,1903589
jpm,2016-12-29,86.58,86.67,85.04,85.89,14689042
hal,2014-11-21,50.3,51.13,49.8,50.63,31224786
jnj,2015-02-13,98.44,99.67,98.33,99.62,11153595
csco,2016-07-19,29.91,30.01,29.77,29.92,18515957
ir,2014-10-09,57.42,57.48,55.7,55.84,3209633
cci,2014-05-07,77.02,77.82,77.0,77.7,3237323
cnc,2016-12-06,57.0,57.37,56.06,56.59,2070083
cma,2014-04-25,47.9,48.3,47.5,47.93,1499607
uri,2015-07-13,82.21,82.63,81.45,82.01,1647041
ben,2015-07-02,49.32,49.495,48.9,49.21,1386780
vrsn,2015-02-26,64.55,64.95,64.2,64.825,872204
mcd,2014-06-04,101.36,102.47,101.27,102.44,3595798
avgo,2017-12-15,261.65,266.0,258.2575,265.73,4509140
mdlz,2017-08-01,44.04,44.05,43.59,43.62,6764767
itw,2017-12-07,165.91,167.75,165.91,166.49,872423
dhi,2015-02-13,27.29,27.37,27.0,27.19,3467127
oke,2016-01-25,24.41,25.96,23.61,23.62,4499988
d,2017-04-20,77.24,77.41,76.64,77.36,2603619
ilmn,2017-06-26,185.28,186.0,180.78,180.89,715934
kr,2014-02-07,18.415,18.435,18.08,18.14,8069958
hes,2015-10-28,53.3,57.54,53.05,57.07,7166749
utx,2015-05-19,118.6,119.45,118.51,119.07,2808359
oke,2015-11-13,28.34,28.56,27.44,28.49,3573879
dltr,2016-06-30,94.79,94.82,93.55,94.24,1791144
wynn,2015-02-23,155.19,156.42,152.9,154.33,2322159
antm,2014-09-22,122.53,124.48,121.59,121.82,2521009
whr,2016-06-17,174.55,176.4299,173.91,175.64,956928
rtn,2015-12-09,126.51,128.94,125.29,126.15,1679544
uri,2015-09-29,59.68,60.49,58.62,59.94,1527726
kmi,2014-10-30,38.16,38.81,38.08,38.54,9595436
ame,2014-02-27,52.67,53.03,52.57,53.0,749547
apd,2015-04-20,150.5,151.59,149.86,151.37,662033
ilmn,2017-10-30,209.55,210.6,203.03,203.81,671916
hii,2017-03-02,219.0,220.6799,217.86,218.32,479562
cost,2015-10-12,153.97,154.48,153.09,153.63,1200133
hal,2015-02-04,42.62,43.12,42.04,42.39,18881827
lly,2016-08-17,80.16,80.35,79.58,80.11,2519548
ci,2014-05-07,84.0,85.4,83.79,85.37,2124944
csra,2017-05-23,29.14,29.33,28.98,29.26,1449303
ulta,2014-09-18,118.72,119.315,117.49,118.4,695214
dvn,2016-04-18,29.97,32.29,29.73,32.0,10880077
bac,2015-01-07,17.14,17.18,16.87,16.94,104603795
wat,2016-10-03,157.35,159.57,157.2,159.05,443877
pnr,2014-12-19,65.26,66.7,64.96,66.61,2938487
dri,2016-06-02,67.25,67.98,66.98,67.8,1278060
mtd,2017-11-20,632.11,632.95,629.61,631.92,100046
ads,2015-01-07,280.59,281.765,278.4,279.95,302084
hes,2015-12-03,57.15,57.9899,55.36,55.56,5252150
wrk,2017-03-03,54.04,54.15,53.42,54.04,919166
ppg,2015-06-03,114.665,115.05,114.0122,114.995,1113932
abc,2014-08-29,77.0,77.41,76.8,77.39,992147
vno,2016-10-17,95.45,96.18,95.1,95.37,618907
eix,2016-07-13,76.92,77.44,74.45,77.41,2000240
luk,2015-02-19,23.8,24.8,23.64,23.95,1319187
nbl,2017-07-07,27.0,27.09,26.56,27.0,4611489
cboe,2016-12-16,75.71,76.22,75.4,75.72,1841850
cci,2015-07-20,81.17,82.08,80.87,81.99,1698095
wltw,2017-06-14,147.21,148.36,146.66,147.98,515625
avy,2015-12-29,64.47,64.47,63.23,63.59,673775
fb,2015-03-11,77.8,78.43,77.26,77.57,20215704
dri,2016-03-28,66.09,66.9689,65.94,66.47,1022122
omc,2016-03-22,81.15,81.92,80.89,81.34,1187302
mgm,2014-02-13,25.46,25.63,25.15,25.58,7632493
dal,2015-12-18,51.04,51.95,49.96,49.96,15753531
mgm,2015-02-12,20.79,21.4,20.71,21.24,12466359
ms,2015-07-01,39.46,39.53,39.18,39.36,10549881
vrtx,2017-11-09,146.26,148.5,144.321,148.17,1132267
xel,2014-08-05,30.57,30.81,30.1,30.23,3427958
scg,2014-10-14,50.25,52.16,50.065,51.22,2208252
hon,2016-02-26,104.09,104.53,102.71,103.03,7908351
blk,2016-08-31,372.52,374.04,370.66,372.81,618377
sre,2017-01-04,101.39,103.14,101.17,102.0,1389056
mrk,2014-07-21,57.89,58.19,57.71,58.0,7095660
nclh,2014-09-02,38.01,38.05,36.7,36.99,6593052
rost,2017-03-30,65.94,66.63,65.87,66.61,1741351
nov,2016-11-21,35.94,36.62,35.93,36.44,3551518
jec,2017-09-05,55.25,55.36,54.0,54.38,1207106
goog,2017-08-03,930.34,932.24,922.24,923.65,1202512
lyb,2016-12-06,88.22,88.22,87.045,87.78,3601115
hsic,2017-12-27,70.61,70.83,70.17,70.46,940299
sjm,2015-02-09,112.68,113.31,112.456,112.91,640317
eog,2017-06-16,87.57,88.59,87.07,88.52,4767003
pld,2016-03-21,42.61,42.9,42.25,42.61,1918321
aon,2016-06-08,109.28,110.02,108.94,109.77,1189103
gs,2017-02-08,238.3,238.94,236.31,237.73,2744667
gt,2015-11-25,34.45,34.845,34.37,34.62,1589020
incy,2014-02-06,62.63,64.35,62.27,62.58,1789637
ip,2014-03-31,46.16,46.26,45.64,45.88,4834630
pfg,2015-10-01,47.5,47.54,46.81,47.37,1071658
gww,2016-10-24,205.48,207.39,204.44,204.79,553043
etfc,2016-05-05,24.94,25.2711,24.59,24.95,3229440
pru,2014-02-14,84.38,85.23,84.217,84.99,1995383
tjx,2016-04-18,77.15,77.87,77.15,77.63,2490745
tss,2016-11-25,51.56,51.9,51.435,51.61,277077
gps,2016-02-29,27.31,27.91,27.15,27.65,6488688
ibm,2017-07-14,154.01,154.615,153.4,154.24,3256372
apa,2015-05-28,60.53,60.71,58.8344,59.79,4111492
cme,2015-04-08,90.93,91.5396,90.25,90.36,1862317
a,2016-03-02,38.49,39.27,38.41,39.04,3612508
txt,2015-01-14,41.69,42.41,41.585,42.19,1426302
hii,2017-03-27,202.75,202.99,200.31,202.08,442259
mgm,2017-06-26,34.19,34.34,33.64,33.85,7751678
alb,2014-09-18,65.19,65.25,64.83,65.04,705048
dg,2014-02-14,56.11,57.42,56.05,57.26,3642280
mmc,2017-10-19,83.52,84.3,83.42,84.29,1028214
see,2016-03-28,47.34,47.97,47.04,47.81,893594
disck,2014-12-02,34.13,34.55,33.94,34.31,1673380
aes,2016-04-28,11.2,11.31,11.06,11.12,4888655
cof,2014-05-21,75.8,76.79,75.7,76.67,1830279
cpb,2016-05-03,62.25,62.68,61.85,62.12,1478145
ecl,2017-04-27,128.94,129.44,128.74,129.37,933080
syk,2014-04-04,84.36,84.85,82.49,82.6,1570728
mgm,2014-03-31,25.21,26.0,25.19,25.86,10308767
c,2014-01-02,52.03,52.4,51.81,52.27,16489767
irm,2015-03-27,36.37,36.758,36.34,36.64,617217
dg,2014-12-31,71.21,71.7,70.65,70.7,1687001
aee,2016-05-11,48.63,49.0,47.94,48.15,3296303
intc,2015-04-01,31.13,31.315,30.65,30.81,31532086
dis,2016-09-19,92.8,93.3165,92.34,92.63,5421473
so,2017-08-18,47.84,48.49,47.69,48.3,4853025
avgo,2015-08-05,123.0,125.69,121.0,124.75,3416249
syk,2015-05-22,96.19,96.71,95.79,96.44,1268718
dlr,2014-06-23,58.0,58.0,57.43,57.47,800550
f,2015-12-07,14.19,14.2,14.02,14.12,14530576
ccl,2015-03-06,45.22,45.24,44.05,44.4,4490880
rsg,2015-04-07,40.56,40.6101,40.445,40.46,817160
hcn,2014-09-05,67.41,68.36,67.34,68.32,2047726
kr,2014-07-11,24.495,24.575,24.39,24.41,5544220
dxc,2017-05-01,75.38,76.8,74.95,76.4,2962259
vlo,2017-09-26,75.02,75.75,74.81,74.96,3287925
c,2014-06-19,47.95,47.97,47.3375,47.56,15756633
hst,2014-01-14,19.11,19.36,19.04,19.34,7357938
ew,2014-08-26,49.555,49.675,49.0,49.4,1520132
cbg,2014-08-11,30.6,30.93,30.56,30.86,1441400
ecl,2015-08-20,114.08,114.85,112.57,112.62,1211904
evhc,2017-03-23,61.89,62.43,61.66,62.27,1291934
googl,2017-09-07,944.25,950.4965,937.53,949.89,1116575
bac,2016-06-14,13.56,13.7262,13.17,13.26,85377775
trv,2014-08-05,89.67,89.87,88.82,89.12,2218347
disck,2017-11-14,15.84,15.93,15.225,15.27,2627381
wec,2015-10-01,52.35,52.48,51.52,52.08,2358773
disca,2016-11-16,27.76,28.23,27.59,27.63,2678567
nfx,2015-10-22,38.86,39.86,38.725,39.16,2993745
nvda,2014-06-30,18.31,18.59,18.31,18.54,4514184
chrw,2015-05-13,64.95,65.5496,64.42,64.54,1133603
msi,2015-10-23,70.71,70.77,70.0,70.48,1204602
rcl,2015-09-01,86.04,87.5,85.3,86.3,2752662
ivz,2015-04-30,41.15,42.0,40.93,41.42,4592982
vno,2015-06-08,97.97,98.43,97.61,97.79,576728
gild,2014-06-12,80.8,81.57,80.33,80.58,7080821
tdg,2017-11-21,267.73,268.6,265.7,267.15,584606
avgo,2017-09-18,251.05,252.83,248.61,249.82,2574276
kmi,2016-10-06,22.49,22.63,22.06,22.09,11033324
eix,2017-07-03,78.4,78.46,77.18,77.18,963322
kmi,2016-09-06,22.03,22.41,21.755,22.4,13721670
ipg,2016-10-14,22.59,22.74,22.53,22.66,3336584
trv,2016-03-23,116.16,116.46,115.05,115.89,1458602
cfg,2017-05-22,34.79,34.96,34.291,34.57,4214528
txn,2017-10-11,91.99,92.92,91.72,92.87,3161938
awk,2017-08-31,80.98,81.285,80.53,80.9,1195291
f,2016-09-23,12.12,12.22,12.12,12.17,18993510
symc,2014-06-27,22.52,22.77,22.43,22.77,13960429
mpc,2015-03-16,47.825,49.06,47.145,49.03,4739114
peg,2015-06-19,41.13,41.42,40.98,40.99,3640549
lll,2015-07-24,121.64,121.68,120.3,120.65,349828
info,2015-06-05,26.53,26.75,26.25,26.51,5966123
pcg,2017-06-28,66.72,66.89,66.03,66.1,2683951
fdx,2016-04-18,165.33,167.375,164.81,167.13,833796
rhi,2015-11-02,52.71,54.01,52.51,53.82,1048692
dva,2016-03-28,71.55,71.94,71.14,71.5,420388
efx,2015-05-28,100.38,100.9299,99.83,100.29,372358
cnp,2015-07-15,19.26,19.28,19.13,19.27,1667570
mas,2017-11-08,38.99,39.285,38.595,39.13,3395859
cof,2017-12-20,99.0,99.43,98.31,98.59,2031218
avgo,2014-09-08,88.07,89.67,87.52,88.185,2894863
vz,2016-04-07,52.52,52.7,51.77,52.0,23076267
adi,2017-05-24,82.46,82.58,81.67,82.12,1751235
f,2014-11-06,13.92,14.2157,13.92,14.19,36431748
rost,2016-06-07,52.38,53.4,52.27,53.18,3828160
mdt,2015-02-04,74.65,75.09,73.98,74.13,7378251
whr,2015-07-14,175.36,176.77,174.99,175.68,566565
wdc,2015-11-04,68.48,68.7,66.47,68.55,4621807
nue,2016-01-27,35.95,36.63,35.57,35.7,3327158
slg,2015-12-21,111.39,111.86,109.36,110.0,632919
key,2017-08-23,17.45,17.78,17.44,17.68,8521268
coty,2016-12-09,19.17,19.37,19.01,19.16,12847543
col,2015-04-24,97.84,98.2299,97.48,97.79,647056
xl,2015-06-02,37.54,37.54,37.275,37.39,2072870
adm,2015-05-27,52.16,53.23,52.05,53.17,4035361
amd,2017-06-26,14.39,14.49,13.84,14.08,101012533
msi,2014-09-10,61.1,61.41,61.01,61.22,1766893
ppl,2016-05-18,38.08,38.2,37.21,37.48,6576306
it,2014-10-20,73.57,74.37,73.57,74.37,253299
bac,2014-09-30,17.08,17.11,16.97,17.05,82217388
cog,2016-05-05,24.37,24.74,23.85,24.19,5736778
snps,2016-12-20,60.5,60.71,60.13,60.42,573085
hpe,2017-12-14,14.28,14.38,14.22,14.24,7601009
avy,2014-11-11,48.0,48.36,47.74,47.96,476809
tjx,2015-11-06,74.33,74.49,72.47,72.93,2547901
pkg,2017-09-25,115.78,116.1,112.2,113.9,977814
acn,2015-11-09,105.23,105.7292,104.55,104.88,2174141
tjx,2017-02-13,77.31,77.6,76.61,76.9,3486091
aap,2015-12-02,162.21,163.22,157.09,157.93,1331781
sjm,2017-03-09,138.96,139.96,138.76,139.69,1480253
bk,2015-11-19,43.97,44.02,43.66,43.83,4400483
jpm,2015-01-12,59.28,59.4,58.27,58.83,15455234
yum,2015-09-25,79.25,79.7,78.22,78.6,3375484
swk,2017-10-05,157.03,157.68,155.18,156.13,1142885
etn,2016-10-04,66.05,66.25,64.135,64.32,2110609
aal,2015-12-24,43.27,44.19,43.11,43.81,3307108
fti,2014-01-24,49.7,50.49,48.9825,49.4,3159820
wfc,2014-10-13,50.61,50.98,50.15,50.2,19298945
pru,2016-08-01,75.59,75.84,74.56,74.85,1993428
aiz,2016-03-09,75.32,76.8,75.2,76.63,1011149
hp,2017-12-05,58.57,59.13,57.58,57.84,1170877
mnst,2014-09-18,30.3566,30.45,29.93,30.1466,2404944
aal,2016-06-16,29.8,29.8,29.02,29.14,18236714
pbct,2017-10-19,18.1,18.41,18.1,18.36,2187921
tsco,2015-01-28,80.42,82.28,79.58,79.86,1413344
klac,2016-03-02,68.9,68.9,68.07,68.42,1357012
tgt,2017-04-20,54.21,54.88,54.11,54.64,5843205
ual,2015-03-26,64.0,65.19,63.09,64.97,5993050
mmc,2014-03-04,48.09,48.97,48.07,48.89,2346176
orly,2015-12-10,257.44,259.99,256.04,256.43,758271
nbl,2016-08-09,33.7,34.36,32.91,34.03,6194376
txn,2016-03-29,56.46,57.51,56.08,57.41,4013803
ilmn,2014-12-04,191.0,195.07,189.662,190.83,1162289
ntrs,2015-09-14,69.99,70.33,69.71,70.02,1076963
mar,2015-08-11,72.03,72.5,71.68,72.14,1926858
syy,2015-08-11,37.42,38.12,37.38,37.97,9812278
lkq,2015-12-10,28.74,28.78,28.3,28.65,1184020
pvh,2015-04-02,107.5,108.86,106.87,107.47,1488964
hes,2017-05-11,49.36,49.92,49.2,49.66,4992245
uhs,2017-06-08,112.91,113.26,110.5,112.33,1020132
sna,2016-06-01,160.92,163.6,160.11,163.44,356432
vfc,2014-05-19,62.68,63.36,62.68,63.09,1040438
irm,2015-10-06,31.71,31.92,31.5,31.75,1007756
amzn,2014-05-02,310.42,313.29,304.31,308.01,3995218
ecl,2014-07-23,110.05,110.31,109.53,110.0,784764
es,2017-04-05,58.74,59.475,58.63,59.41,1729246
shw,2015-02-20,286.51,290.29,285.01,289.75,451076
fmc,2015-11-20,42.72,42.85,41.82,41.91,898356
gt,2016-08-04,27.94,28.5,27.94,28.15,3155198
rht,2014-05-01,48.59,49.73,48.53,48.75,1059067
ivz,2015-11-24,32.83,33.33,32.715,33.19,2757222
dal,2014-10-14,31.71,33.27,31.28,32.79,27229132
kmb,2017-12-06,122.64,123.26,121.81,122.16,1931750
pgr,2016-02-10,31.03,31.48,30.9,30.91,4266673
eqix,2017-07-26,438.32,442.48,436.96,440.04,327311
pfg,2016-08-01,46.73,46.87,45.99,46.23,1630732
dre,2017-07-31,28.96,28.97,28.43,28.59,2444909
sjm,2014-05-22,98.8,98.97,97.99,98.75,389274
sna,2015-08-04,163.25,166.0,163.25,165.58,344323
has,2014-04-07,54.95,54.98,54.31,54.52,1169185
aee,2015-06-25,37.97,37.99,37.5,37.51,1398420
fcx,2014-01-21,35.92,36.03,35.215,35.26,23375863
cl,2015-02-12,69.32,69.855,69.32,69.85,2829925
isrg,2014-06-06,123.4032,123.8565,122.6732,123.7532,884508
so,2014-01-03,40.67,40.76,40.27,40.47,4198351
uri,2015-07-22,78.41,78.48,76.82,77.63,3110278
mrk,2016-08-17,63.03,63.43,62.6,63.29,8271531
fbhs,2015-03-30,45.18,47.54,45.17,47.01,1999698
kr,2014-05-20,23.365,23.47,23.22,23.27,5552744
ew,2014-08-27,49.34,49.395,48.73,48.76,1396304
cbg,2017-11-17,42.65,43.16,42.61,42.78,1579583
etfc,2016-07-21,25.42,25.49,25.12,25.22,2669485
cma,2015-05-27,49.07,49.42,48.75,49.33,1340008
chd,2016-02-18,45.0,45.0,44.57,44.755,2800864
amat,2017-03-08,37.01,37.23,36.96,37.19,8052683
hpq,2017-06-30,17.66,17.71,17.45,17.48,8935331
iqv,2015-11-11,67.3,68.11,66.53,66.58,574589
tmk,2015-12-14,58.65,59.0,57.0,57.28,1243292
ir,2015-02-10,66.78,67.07,66.315,66.99,1658242
nke,2017-12-07,59.86,61.06,59.65,60.6,6113277
cbg,2017-07-19,37.18,37.93,37.18,37.82,1230052
cms,2015-12-10,35.27,35.31,34.72,34.87,2808003
orcl,2016-06-06,39.19,39.64,39.12,39.44,16116913
xlnx,2016-11-25,53.19,53.59,53.12,53.39,787528
dhr,2017-11-20,93.3,93.81,93.03,93.68,1282117
pdco,2014-05-15,41.15,41.15,40.66,40.87,473923
arnc,2014-02-26,34.95,36.48,34.62,36.15,10939104
ph,2017-05-11,158.56,159.47,157.3,159.03,638406
amp,2017-03-13,132.5,132.91,131.73,132.59,861709
cah,2017-11-14,58.32,58.43,56.69,57.07,3453867
vfc,2017-06-06,54.21,54.37,53.5,53.72,2966902
pkg,2015-02-02,75.96,76.5,74.29,75.34,1105386
uhs,2014-01-14,84.32,85.78,84.2,85.69,529535
ea,2016-08-17,78.0,79.86,77.81,79.77,3552768
acn,2015-03-18,88.8,91.3499,88.365,90.93,2664857
unp,2017-04-11,107.21,107.77,106.26,107.61,2298810
bxp,2014-01-06,101.84,103.21,101.7,102.72,981036
jnj,2017-08-28,131.68,132.12,131.49,131.74,5349181
jnpr,2016-08-08,23.07,23.25,23.03,23.19,2748633
tif,2014-01-08,92.1,92.11,91.25,91.7,694761
wrk,2017-12-29,63.3,63.66,62.85,63.21,1142925
exc,2016-05-09,35.68,35.78,35.2,35.25,4962886
mrk,2016-10-19,62.13,62.3,61.81,61.87,5582664
bby,2014-05-15,25.94,25.94,25.22,25.47,4985238
ko,2014-10-07,43.48,44.14,43.48,43.92,24936592
ual,2016-07-15,47.51,47.76,46.92,47.43,5184843
nrg,2017-11-14,28.62,29.055,28.47,28.92,3970495
cfg,2016-08-25,23.47,23.695,23.37,23.64,2293573
nrg,2015-06-17,24.21,24.47,24.01,24.41,3435546
reg,2014-09-19,55.07,55.32,54.87,55.01,817629
rjf,2017-06-05,73.5,74.46,73.3901,73.79,431894
abc,2016-12-22,78.96,78.96,77.325,77.81,1881793
gww,2016-05-31,225.61,228.65,225.61,228.35,733239
stt,2015-08-20,76.96,77.02,75.82,75.92,2820795
low,2014-04-04,49.21,49.24,48.18,48.44,5951890
orly,2015-10-07,254.35,254.9,250.34,251.78,541418
ctxs,2017-05-25,82.53,83.4,82.3,83.15,965154
intu,2016-09-30,109.53,110.33,109.21,110.01,1681411
lrcx,2015-12-01,78.3,79.61,78.21,79.59,2082890
fe,2017-12-15,32.17,32.41,31.76,31.83,7756093
eix,2017-07-19,78.04,78.09,77.65,78.07,966418
vrtx,2017-10-13,155.0,155.49,152.68,152.91,930281
dhr,2015-04-29,82.96,83.21,82.61,82.8,3327456
eqix,2014-05-29,198.96,200.46,198.07,199.56,589582
mo,2017-01-11,67.78,68.075,67.54,67.65,5618686
adi,2017-09-05,83.74,84.1,82.01,83.0,2890580
exr,2015-02-03,65.96,66.71,65.11,66.67,790717
mat,2014-06-16,38.39,38.805,38.32,38.59,2561453
ma,2016-08-11,96.5,96.92,96.17,96.53,2971127
kmi,2014-08-27,40.13,40.15,39.5,39.93,13834846
chtr,2017-04-12,331.01,335.69,330.54,334.57,1061588
intc,2017-12-12,43.47,43.62,43.08,43.33,16557398
cnc,2017-12-05,98.42,100.57,97.43,99.73,2583243
exc,2014-11-03,36.55,36.84,36.18,36.4,5616984
gpc,2017-10-05,95.31,95.8,95.0,95.79,720756
tsco,2015-03-26,85.43,85.47,84.27,85.23,1015505
alle,2014-07-17,55.05,55.1725,54.18,54.27,408569
es,2014-05-30,45.07,45.44,45.02,45.4,1638600
mtb,2017-02-22,166.88,168.61,166.69,168.03,929017
chd,2017-07-28,53.8,53.8,53.051,53.3,1051559
avgo,2016-03-30,155.0,157.28,154.54,156.93,2679419
cci,2016-02-17,84.17,84.99,83.75,84.68,2031610
jnj,2014-07-28,101.89,102.4,101.66,102.11,4634905
luv,2017-08-22,53.57,54.08,53.4,53.43,5358218
ggp,2017-07-12,22.54,23.04,22.45,22.53,3828373
ctl,2016-06-14,26.9,26.97,26.56,26.68,5626759
sig,2015-08-11,120.46,121.07,119.58,119.99,482879
pcg,2015-06-04,51.77,52.11,51.65,51.85,2501747
ads,2014-01-03,263.1,265.3499,262.36,263.7,497953
bxp,2014-09-04,121.77,122.37,120.31,120.67,624065
len,2016-02-16,39.4314,39.7647,38.7255,39.5098,2453775
wynn,2016-07-06,88.56,90.07,87.26,89.93,2133682
celg,2016-03-08,103.46,104.95,102.44,102.62,5356153
pkg,2017-06-09,104.39,105.77,104.025,104.95,598920
vrsk,2017-04-04,80.01,80.64,79.63,79.95,666102
ups,2015-03-06,100.38,101.22,100.17,100.62,3008472
trip,2014-03-24,101.85,102.67,96.05,97.58,2407313
mtb,2017-09-27,157.62,159.17,156.39,157.91,804328
itw,2016-06-06,107.3,108.0,107.15,107.76,1080715
pm,2016-11-11,90.46,90.76,88.7,88.95,7938929
exr,2015-01-08,62.55,63.49,62.51,63.38,983642
pep,2017-10-23,111.64,112.45,111.4,111.69,2263178
gs,2014-02-18,164.04,165.59,163.72,164.65,3425988
msft,2017-01-30,65.69,65.79,64.8,65.13,31651445
nws,2017-04-05,13.15,13.2,12.925,13.05,455116
hog,2017-10-10,45.74,46.41,45.73,46.32,1632617
oxy,2016-07-13,77.49,77.58,76.225,76.83,3659384
mat,2017-11-20,18.56,19.21,18.43,18.73,6352726
jwn,2016-08-11,47.0,48.91,46.66,47.56,13944024
flir,2016-10-03,31.41,31.7,31.36,31.59,809626
m,2017-03-29,28.55,29.495,28.4,29.27,6315503
andv,2014-09-23,59.89,61.02,59.471,59.52,1784756
vrtx,2014-04-09,65.59,70.06,65.32,69.95,2107145
grmn,2014-01-10,45.05,45.26,44.72,45.05,837294
dlr,2014-06-02,57.54,58.15,57.47,58.1,828689
tmo,2014-10-13,116.35,116.47,112.2398,112.49,3051538
hpe,2016-04-13,17.29,17.51,17.15,17.5,8243231
amt,2016-08-24,115.23,115.4808,114.35,114.57,1360859
cma,2017-11-29,81.46,84.83,81.45,83.49,3202183
luv,2015-08-03,36.66,37.835,36.54,37.53,9904603
nfx,2017-08-21,25.25,25.36,24.41,24.51,2409377
f,2017-08-11,10.79,10.84,10.76,10.77,32300117
dal,2014-07-08,35.6,36.74,34.77,36.44,43300859
adp,2014-10-06,74.96,75.04,74.29,74.52,2919471
pld,2016-06-02,47.56,48.01,47.33,48.01,1770252
cma,2017-08-31,69.06,69.065,68.1,68.25,1906330
hrl,2014-05-14,24.565,24.62,24.305,24.4,967560
awk,2016-09-21,75.25,76.85,75.12,76.77,1186522
cl,2014-11-06,68.18,68.2,67.74,68.11,2507270
snps,2015-04-10,47.65,48.02,47.64,47.8,500835
bxp,2015-12-23,127.42,129.01,127.31,128.95,555907
mdt,2014-08-07,61.46,61.65,60.68,61.0,12892324
mnst,2014-06-09,22.7933,22.8066,22.6433,22.76,2383923
tss,2014-09-30,30.63,31.07,30.36,30.96,727806
mas,2014-08-21,23.37,23.52,23.1,23.51,2823001
srcl,2017-10-10,70.4,70.82,70.01,70.8,575063
cdns,2017-07-21,34.92,35.1,34.82,34.98,1537730
aon,2015-07-31,102.0,103.38,100.6,100.77,1216734
pxd,2017-06-28,154.49,156.95,153.5,155.66,2257291
wat,2016-02-18,121.89,122.691,120.94,121.2,328933
pcar,2016-08-16,58.6,59.18,58.42,58.88,2632977
tif,2017-09-26,88.04,89.92,88.04,89.66,1148471
hig,2017-03-24,47.61,47.82,47.17,47.33,2633779
jnj,2017-10-02,130.16,131.33,130.02,131.22,4492936
pgr,2017-12-05,54.5,54.75,54.14,54.25,3880740
cvs,2017-08-08,78.64,79.0,76.72,78.57,8639803
itw,2015-01-09,94.5,94.718,93.07,93.57,1416638
pep,2016-05-20,101.71,101.79,100.0,100.1,5594668
csx,2014-02-03,26.93,27.06,25.84,26.02,9549010
nrg,2017-02-15,16.74,17.75,16.73,17.49,8391042
unh,2017-07-06,188.12,188.185,186.15,186.94,1844743
all,2014-05-23,58.33,58.6,58.18,58.38,1418683
pcar,2017-08-11,65.46,65.46,64.76,64.81,1497840
lb,2017-12-14,59.21,60.33,57.95,58.57,5467709
oxy,2015-06-04,77.84,78.28,77.24,77.3,4749181
dis,2017-09-06,101.76,102.035,100.89,101.5,7530956
hes,2017-09-07,40.88,41.37,40.6,41.33,3181749
wmt,2014-09-29,76.06,76.25,75.65,76.08,4959285
cmg,2015-03-17,677.0,678.46,671.01,672.0,305635
sbac,2016-10-13,110.09,111.46,109.3,111.19,511859
xlnx,2014-08-29,41.93,42.28,41.75,42.25,2077613
pfe,2016-10-05,33.73,33.98,33.68,33.9,13945331
cinf,2016-02-22,63.17,63.48,62.84,63.08,690980
peg,2015-01-07,41.12,41.7,40.79,41.56,5295705
amzn,2015-09-24,530.55,534.56,522.87,533.75,3500964
payx,2015-04-17,48.72,48.99,48.0,48.28,2139123
hca,2014-03-27,50.44,50.66,50.02,50.36,2165201
sti,2017-03-22,54.0,54.8,53.33,54.18,6536329
atvi,2016-04-13,33.92,35.3,33.85,35.16,8358487
stx,2015-02-26,60.14,60.87,60.13,60.68,2406039
bmy,2016-04-14,67.66,68.31,67.52,67.87,3456860
fti,2017-08-11,26.45,26.79,26.4,26.42,2128855
adbe,2015-02-19,77.42,77.94,77.2,77.73,1556077
lnt,2015-07-31,30.73,31.035,30.59,30.755,866302
fdx,2015-04-24,169.73,170.25,169.01,169.95,949492
omc,2017-08-09,78.28,78.905,78.035,78.82,1426503
kr,2016-04-15,37.17,37.32,36.71,36.91,7510750
dfs,2016-09-20,57.6,57.72,56.96,56.96,2343857
coty,2014-02-28,14.71,15.0,14.62,14.85,772061
a,2017-11-24,68.84,69.39,68.78,69.36,1015411
ads,2014-08-22,266.94,268.2,265.38,266.02,373869
omc,2017-09-20,72.94,74.43,72.94,74.36,2297225
lyb,2014-11-19,89.17,89.62,88.33,89.35,3339706
dfs,2017-07-24,62.45,62.715,61.94,62.53,2296271
stt,2015-08-07,78.18,78.86,77.47,78.51,1448940
tgt,2017-02-16,65.77,65.85,65.03,65.2,3324994
rop,2017-12-22,259.16,259.84,258.095,259.53,311042
jnpr,2016-11-11,25.09,25.63,25.05,25.41,9045144
bk,2014-12-22,40.93,40.95,40.71,40.95,3761784
gm,2016-12-20,36.4,36.73,36.23,36.61,8795938
cnc,2015-05-13,67.8,68.55,67.22,67.49,1106724
ph,2014-08-15,113.83,114.02,112.11,112.78,996166
iff,2017-08-30,135.67,137.37,135.67,136.22,256626
cnc,2016-01-19,61.7,64.41,61.025,62.51,2144523
oke,2014-05-08,64.06,64.92,62.86,62.94,1711125
met,2014-01-24,50.98,51.03,49.46,49.51,9370176
cpb,2017-06-26,53.77,54.14,53.591,53.79,951951
aph,2016-12-12,68.13,68.34,67.48,67.66,1473034
ms,2017-01-10,42.98,43.5199,42.75,43.06,9074252
vz,2016-09-09,53.13,53.24,51.77,51.82,18258506
luv,2017-06-22,61.88,62.29,61.05,61.52,5485701
xl,2016-03-29,36.87,36.99,36.5575,36.87,1418085
bax,2015-03-09,67.61,67.93,67.21,67.7,2919261
gt,2015-12-08,34.04,34.36,33.6528,34.27,1966811
awk,2015-05-19,53.85,53.94,53.49,53.66,601187
xray,2014-08-05,46.85,47.45,46.365,46.41,1350041
el,2017-04-20,85.75,86.43,85.34,86.03,1506930
ccl,2015-09-23,50.81,51.57,49.79,51.5,6754119
mtb,2014-05-12,123.3,123.44,121.6601,123.05,777215
ibm,2016-10-03,158.06,158.37,157.02,157.61,2227800
mat,2016-10-04,30.71,30.75,29.98,30.21,4290482
scg,2016-02-23,65.6,66.3,65.3,66.01,690083
hum,2016-04-01,182.77,185.01,181.5,184.74,685469
lnt,2016-11-04,37.08,37.61,36.65,36.83,2449085
dal,2014-06-04,41.29,42.35,40.77,42.17,13825890
avb,2016-11-14,167.0,173.18,164.2,171.2,1058430
duk,2014-11-03,82.23,82.6,81.85,82.38,2347167
vrsn,2014-10-08,55.11,56.3,54.83,56.13,649742
akam,2017-07-19,51.63,52.24,51.58,52.1,1195547
sjm,2015-01-14,100.27,101.1,99.98,100.96,381674
wy,2017-09-15,33.04,33.11,32.85,32.99,4022382
mmc,2014-03-26,49.55,49.61,48.95,48.95,1623665
azo,2015-08-27,723.97,737.38,713.26,724.78,636332
coty,2015-11-27,28.99,29.14,28.74,28.94,358254
dlr,2014-06-19,57.92,58.58,57.65,58.08,950857
hsic,2015-07-15,73.39,74.055,73.33,73.72,592202
utx,2015-01-13,115.53,116.835,113.5,114.34,4196389
fl,2017-07-12,48.28,48.99,48.0,48.24,3183710
ajg,2016-06-30,46.58,47.62,46.33,47.6,1292604
wfc,2015-06-12,57.13,57.29,56.74,57.09,13439024
tss,2017-07-25,62.62,63.74,62.095,62.9,1717564
usb,2015-05-21,44.01,44.105,43.83,43.86,5960024
disck,2014-01-07,80.77,80.77,79.8,79.98,293858
fbhs,2017-08-17,63.88,64.09,62.67,62.69,862902
etn,2016-07-12,62.93,64.16,62.53,63.96,2501766
alxn,2017-06-19,114.51,117.075,113.22,116.16,2694095
uhs,2016-11-02,120.2,122.0,119.98,120.9,691925
mnst,2014-09-05,29.61,29.7633,29.4,29.74,2528391
len,2017-05-10,49.5392,49.598,49.0392,49.5784,1512618
dg,2017-07-07,70.14,70.549,69.75,70.23,1562953
wec,2017-09-26,64.16,64.31,63.89,63.91,1324728
dis,2014-08-13,87.74,87.95,87.42,87.6,4532339
wec,2015-05-18,47.84,48.36,47.82,48.26,1126067
etn,2017-01-05,68.06,68.45,66.6,67.35,2394192
de,2017-01-03,103.68,104.77,103.45,104.05,3379330
fmc,2017-02-10,57.66,57.94,57.08,57.84,1600232
eqt,2014-12-04,89.03,89.855,87.09,87.1,1766410
ess,2015-06-03,221.53,223.74,216.42,216.77,343905
lkq,2016-10-24,33.03,33.255,32.995,33.05,1385696
utx,2015-03-19,120.04,120.31,119.04,119.38,2880840
whr,2014-06-25,138.47,139.13,137.21,138.99,964902
amzn,2017-02-21,848.84,857.98,847.25,856.44,3507742
gww,2017-08-08,168.35,168.68,164.17,164.59,686060
abc,2014-10-14,76.25,77.34,75.66,76.63,1645429
fl,2015-02-05,54.46,55.37,54.23,54.4,2748319
etr,2015-05-12,75.01,75.135,73.95,74.23,1779863
hsic,2015-07-01,71.65,72.2365,71.26,72.12,730652
zbh,2014-07-25,99.52,101.04,99.29,100.81,1474914
mas,2014-10-02,23.51,23.78,23.43,23.69,4918803
bxp,2016-06-03,127.93,128.66,126.88,127.78,736955
met,2017-04-06,51.91,52.82,51.55,52.67,6307530
lll,2015-12-15,119.86,121.3,119.17,119.48,465670
nbl,2015-07-20,38.09,38.09,36.91,36.97,9410628
wat,2015-03-12,120.04,122.35,119.73,121.98,511403
txt,2016-03-21,35.89,36.41,35.88,36.36,2321222
dal,2017-05-17,48.83,48.98,47.67,47.74,8274526
amg,2017-04-04,161.86,163.2,159.38,160.09,358217
blk,2016-11-21,374.44,375.08,372.1,374.57,375640
aes,2015-09-25,10.08,10.16,9.91,9.96,8741416
has,2017-07-10,112.03,112.75,111.0698,112.13,427843
cern,2014-12-12,62.49,63.24,61.4,61.44,1431539
xrx,2014-08-01,52.72,53.16,51.92,52.16,2954890
dis,2017-05-26,107.71,108.49,107.48,108.41,6236779
ice,2016-02-23,49.464,49.7,47.95,48.328,4670810
alle,2014-02-10,49.99,50.12,49.45,49.84,763357
ame,2016-05-04,47.39,47.53,46.79,46.96,1941311
khc,2017-10-23,76.88,77.1,76.45,77.06,4240913
cat,2017-12-07,139.775,143.0,139.1884,142.89,2977117
viab,2016-11-17,38.41,38.8,38.3079,38.61,2212933
leg,2016-11-07,45.66,45.98,45.42,45.72,810525
ppg,2016-05-09,108.14,108.23,107.29,107.44,1046643
lyb,2017-11-01,104.21,105.22,103.155,103.43,3111738
hp,2014-02-07,87.5,88.17,86.87,87.17,1431163
key,2014-08-22,13.56,13.74,13.5,13.55,7978216
ilmn,2017-02-03,162.49,164.26,160.715,162.15,808821
rht,2015-05-18,77.45,78.69,77.27,78.49,884093
pru,2015-04-06,79.42,80.67,78.92,80.12,2143346
pnw,2015-04-16,62.98,63.02,62.13,62.71,770274
aos,2017-03-03,49.94,50.34,49.86,50.18,562090
xray,2014-04-14,44.82,45.04,44.06,44.51,874745
intu,2016-05-04,101.03,101.25,99.6,99.89,1189701
vlo,2017-09-19,72.2,73.2,71.56,72.71,3870204
v,2016-01-29,70.43,74.5,68.76,74.49,40427768
cop,2017-07-14,43.32,43.78,43.27,43.45,5467315
amd,2017-04-06,13.42,13.46,12.83,13.27,139500105
el,2014-05-08,73.69,73.98,73.28,73.32,1845580
nbl,2016-05-26,36.59,36.66,35.54,35.64,5295089
trv,2014-05-23,93.01,93.34,92.4099,92.86,1451171
nke,2017-08-09,59.42,59.965,59.26,59.9,5310944
gpc,2015-02-05,95.97,97.02,95.3001,95.95,1330320
col,2016-06-29,82.89,84.19,82.62,83.8,1512192
biib,2016-11-10,321.95,329.83,319.49,324.4,2665842
amzn,2017-09-05,975.4,976.7699,960.37,965.27,2998649
cms,2017-08-03,46.51,47.065,46.5,47.02,1537899
dps,2015-09-10,75.76,76.37,75.35,75.95,1001251
dte,2014-07-30,76.59,77.01,75.21,75.4,1479061
bk,2014-04-22,33.56,34.01,33.3,33.75,5785173
hal,2014-08-22,68.23,68.3,67.26,67.47,5130588
exc,2015-10-07,30.31,30.519,30.05,30.13,7169169
pfe,2017-09-26,35.51,35.645,35.24,35.3,17559784
wm,2016-03-28,59.11,59.49,59.09,59.38,1685116
rsg,2015-11-18,43.57,44.11,43.4,44.08,1084188
wdc,2017-02-24,73.12,74.66,72.75,74.65,4087518
amd,2016-06-30,5.13,5.19,4.95,5.14,26124847
aet,2014-06-11,79.83,81.25,79.52,80.98,3107285
sre,2016-02-17,94.84,95.68,94.075,95.5,1133528
xel,2015-05-13,33.28,33.45,32.71,32.85,3395762
nfx,2014-01-06,24.4,24.41,23.73,23.8,2467066
amgn,2015-10-14,148.38,150.93,147.13,147.81,3197360
xom,2016-07-11,93.75,94.41,93.65,93.89,8335705
kmb,2014-09-23,107.54,107.68,106.47,106.47,1341515
stx,2017-03-31,46.92,47.04,45.913,45.93,3387302
alk,2016-08-23,67.14,67.88,66.95,67.35,839638
cinf,2017-04-10,70.37,71.38,70.28,71.24,639677
xrx,2014-07-03,49.44,49.96,49.2948,49.8,736030
spg,2015-11-13,191.08,191.4,185.54,186.34,2038834
disck,2014-10-15,33.52,34.46,32.85,33.85,2779962
lb,2015-01-14,82.44,83.07,81.22,82.12,2971922
tif,2017-09-08,93.32,93.89,92.5,93.16,1403960
nwsa,2016-04-18,12.59,12.65,12.43,12.46,5917926
trv,2016-10-25,109.36,109.9,108.77,109.03,2569774
hon,2016-05-27,114.47,114.6,113.9,114.33,1762578
es,2015-03-25,50.92,51.38,50.12,50.12,1251940
qcom,2014-09-17,75.66,76.17,75.2802,75.83,7222213
aos,2017-07-17,57.4,57.74,57.182,57.61,204257
ni,2015-12-09,19.29,19.43,19.08,19.26,2863311
slb,2016-01-12,65.95,66.11,63.19,64.74,10188979
slg,2014-07-28,109.78,110.8,109.43,110.31,382917
wec,2015-12-18,51.01,51.09,49.98,50.24,2564882
iqv,2015-10-23,68.44,68.89,67.45,68.27,909119
cat,2016-10-17,87.38,87.72,86.9,87.29,4479743
fitb,2017-02-01,26.37,26.6,26.095,26.24,6181538
ctsh,2015-06-16,61.68,62.97,61.62,62.72,4012752
px,2015-06-01,123.01,123.09,121.8,122.46,1448538
exr,2017-10-13,81.97,82.97,81.48,82.71,961515
xl,2016-01-27,34.74,35.31,34.44,34.62,1902060
aap,2014-01-14,115.4,117.99,113.82,117.6,819539
spgi,2017-07-25,155.95,157.43,154.63,155.15,820131
eog,2017-02-13,100.91,101.38,100.14,100.35,1945114
ntap,2015-02-26,38.65,39.14,38.491,38.65,2912952
fmc,2017-08-03,83.84,85.06,82.98,83.34,2496943
mgm,2017-11-22,33.48,33.52,33.17,33.45,4370382
mar,2014-01-28,49.12,49.965,49.0,49.7,1837375
dte,2015-04-01,80.62,81.38,79.68,81.38,777181
sig,2016-06-22,85.12,85.93,84.7,85.47,1439060
wm,2017-11-02,81.25,82.04,81.25,81.65,2629499
symc,2017-03-24,30.74,30.95,30.38,30.47,4623135
kors,2015-03-27,66.63,67.12,66.075,66.97,1639558
ilmn,2017-02-09,162.86,163.94,162.41,163.14,465816
ppl,2015-07-23,30.95,30.98,30.5632,30.71,4534805
fl,2017-09-22,33.65,34.18,33.25,33.6,5525634
abc,2016-12-21,78.96,79.575,78.61,78.85,1355812
goog,2014-04-10,565.0,565.0,539.9,540.95,4027743
sti,2017-04-11,54.4,54.97,54.14,54.97,3468162
dre,2017-05-02,27.67,28.03,27.61,27.78,2026018
ilmn,2016-06-16,135.66,136.93,134.08,136.34,931899
coo,2016-03-21,149.33,151.69,148.97,150.56,392696
sti,2016-04-11,35.82,36.51,35.79,36.03,3354697
nclh,2015-07-22,59.02,59.92,59.02,59.89,595781
peg,2017-09-28,45.98,46.36,45.73,46.08,2142025
cern,2017-11-30,69.94,70.97,69.81,70.69,2920488
fast,2015-12-18,39.77,39.93,39.03,39.09,5390918
eog,2016-06-28,80.65,81.77,79.85,81.75,3105723
cof,2015-06-16,87.37,88.12,87.18,88.07,2250457
cop,2014-01-16,68.05,68.07,67.09,67.83,5356836
ccl,2016-09-23,46.53,47.54,46.37,47.26,8279882
twx,2014-08-05,85.28,85.33,84.42,85.19,12086744
chrw,2017-10-04,76.04,76.15,74.3,75.02,1979359
ge,2014-04-09,25.86,25.96,25.59,25.95,25180827
ctas,2016-08-17,114.41,116.08,113.56,115.65,1718686
len,2016-07-15,47.8921,47.902,47.3431,47.6961,1262852
vz,2014-07-16,50.89,51.015,50.67,50.96,12798832
dre,2015-02-09,21.5,21.64,21.18,21.24,2365524
glw,2017-12-13,32.61,32.64,32.28,32.29,5254989
hban,2017-08-01,13.34,13.37,13.24,13.32,8544584
nlsn,2017-08-11,41.12,41.33,40.74,40.79,1581901
peg,2016-08-12,44.04,44.43,43.92,43.97,2754186
kr,2016-05-02,35.52,35.56,35.16,35.43,9011250
biib,2014-10-17,305.36,313.72,304.75,306.71,1782231
nws,2016-09-22,14.38,14.56,14.32,14.53,988166
qrvo,2016-08-05,53.79,55.27,53.328,55.05,2741894
expd,2015-12-15,46.93,47.27,46.35,46.57,1712110
ctl,2017-02-03,25.46,25.49,25.28,25.42,5228391
cof,2014-12-01,82.54,82.8,82.1684,82.31,2161032
jpm,2015-11-11,68.1,68.17,67.25,67.35,8513925
tmk,2015-07-15,59.54,60.28,59.28,60.2,693479
kmx,2016-05-09,50.41,51.55,50.305,51.23,1382007
pcg,2014-03-14,44.01,44.55,43.9,44.35,3059362
hpe,2015-12-31,15.23,15.31,15.1,15.2,6768073
gww,2015-08-06,226.64,227.6199,224.57,226.07,438120
reg,2014-12-11,63.24,63.65,63.07,63.19,546491
avb,2017-10-16,180.58,180.61,179.1,179.2,514166
ntap,2017-11-16,51.41,53.89,51.31,53.11,12874287
cag,2014-05-15,31.35,31.35,31.0,31.11,2662923
etfc,2016-02-16,21.6,22.126,21.48,21.86,5531702
hum,2014-09-03,128.23,128.38,127.18,127.25,1137072
mtb,2016-02-16,107.72,110.25,106.23,108.88,1105050
prgo,2016-03-11,134.08,136.435,133.93,136.0,1462637
lkq,2014-12-18,27.82,27.98,27.29,27.51,1418128
ftv,2016-08-30,52.19,53.47,52.19,52.61,952121
abt,2016-08-18,44.68,44.74,44.25,44.36,6548777
syk,2016-11-16,109.75,110.06,108.38,109.39,1096447
chk,2016-11-14,5.52,5.6,5.28,5.47,50915081
tmo,2017-01-12,146.18,146.99,145.1301,145.97,2239606
nue,2016-07-22,52.19,52.96,52.12,52.72,2618365
khc,2016-12-07,80.44,83.21,80.27,82.95,4870172
leg,2015-04-16,44.95,44.99,44.33,44.41,664984
sti,2016-05-23,42.55,42.81,41.97,42.49,3653729
xel,2017-12-07,51.09,51.09,50.5,50.84,2685848
vlo,2016-10-21,54.5,55.91,54.21,55.76,5287856
mchp,2015-01-07,43.44,43.52,42.76,43.26,1043647
shw,2015-01-22,275.49,277.29,272.77,277.11,595245
dltr,2017-06-15,74.82,75.5799,72.34,72.73,3957483
avy,2017-05-02,83.6,84.08,83.27,83.45,765290
gild,2016-11-11,77.48,77.51,75.29,76.42,12949556
arnc,2017-05-31,27.19,27.51,26.7201,27.47,8096801
aph,2017-07-31,76.48,76.86,76.07,76.62,1483690
gt,2015-10-26,33.04,33.25,32.84,33.13,2235810
csra,2017-04-05,28.39,28.46,27.9,27.97,1445094
hst,2016-07-14,16.58,16.81,16.42,16.71,10338517
kmb,2016-02-19,129.69,130.64,128.56,130.43,1208880
so,2015-06-16,42.13,42.519,41.97,42.48,4178727
bax,2016-09-01,46.75,46.78,45.91,46.18,4249317
pgr,2017-03-30,39.35,39.579,39.29,39.48,2369792
wmb,2016-09-13,29.88,30.28,29.68,29.75,8797375
hbi,2014-11-07,27.47,27.5075,27.2312,27.3325,2896036
sbux,2015-08-11,55.79,56.435,55.24,56.35,8062553
cxo,2014-05-21,131.36,133.18,130.72,132.58,841074
pfe,2017-01-11,33.37,33.54,32.4,32.83,40439412
spgi,2014-11-13,90.86,90.92,89.98,90.7,1222018
tmo,2014-02-18,123.76,124.17,122.67,123.55,2845489
vrsn,2016-02-08,74.51,74.705,70.84,71.77,1482383
vz,2015-06-10,47.56,47.68,47.355,47.47,13007281
wu,2015-12-01,18.97,19.295,18.9505,19.2,5661066
payx,2014-04-25,40.72,40.92,40.37,40.39,1546778
rtn,2014-11-19,103.83,104.57,103.42,104.34,1424287
dish,2015-01-09,70.44,72.04,70.11,71.79,2503525
m,2015-08-19,62.46,62.76,61.9901,62.39,7282015
wm,2017-06-20,74.07,74.44,73.765,73.77,1275318
mrk,2014-08-12,56.55,57.14,56.52,57.03,7090271
tpr,2016-05-23,39.06,39.48,38.825,38.88,2836295
nvda,2017-08-03,164.37,166.63,163.68,166.48,11060541
uri,2017-12-18,166.39,169.05,165.56,168.57,1292010
cme,2015-09-24,90.27,91.138,89.302,90.16,1232520
fbhs,2015-03-02,46.61,47.31,46.51,47.26,784059
flir,2017-02-06,36.37,36.44,36.06,36.08,669615
adsk,2014-12-16,57.07,57.85,56.47,56.63,2656261
yum,2016-08-09,88.9,89.8525,88.9,89.04,2090660
incy,2015-08-11,102.73,105.22,102.0701,104.21,926025
gps,2014-05-05,39.18,40.035,38.97,39.85,3884617
oxy,2016-07-25,74.9,75.26,74.1,74.51,4181792
nue,2014-07-22,50.65,50.88,50.56,50.69,1329446
dov,2017-06-29,79.53,79.74,78.42,78.78,837551
viab,2016-03-02,37.56,38.31,36.785,37.48,3009118
akam,2015-08-18,73.96,74.19,73.23,73.85,1222032
utx,2015-05-22,119.0,119.66,118.55,118.62,2389585
kss,2015-10-19,45.91,46.2999,45.25,45.67,2714337
dhr,2017-04-21,82.89,83.15,81.575,81.7,7637358
aon,2016-09-02,111.9,112.15,111.7,112.1,653471
exc,2017-11-09,41.21,41.54,41.03,41.14,3580308
nke,2015-08-10,57.695,58.085,57.425,57.68,4613264
aiv,2014-05-08,31.74,32.18,31.68,31.78,1048794
nlsn,2016-01-28,46.41,47.26,46.17,46.86,3259461
cci,2016-05-09,88.54,89.6875,88.25,89.47,2472874
avy,2016-02-19,64.3,64.85,63.92,64.59,997454
ph,2015-08-24,100.97,106.46,99.74,102.65,2692925
dg,2017-04-25,71.5,71.85,71.0,71.55,2492160
flr,2015-04-29,60.37,61.36,60.06,60.97,1517856
arnc,2017-04-27,27.46,27.5,26.9,27.22,3641516
re,2016-10-04,189.08,191.055,185.865,190.12,372776
fitb,2016-08-08,19.62,19.72,19.38,19.4,6385385
flr,2017-03-27,50.42,51.535,49.85,51.39,1858981
dva,2015-04-13,81.9,82.39,81.66,81.76,650075
exc,2016-06-16,34.18,34.425,34.03,34.21,3648229
amt,2015-11-25,99.15,99.6,98.9,99.09,965920
goog,2016-06-16,714.91,716.65,703.26,710.36,1982471
payx,2016-03-29,54.02,54.57,54.0,54.49,2132794
clx,2014-07-14,93.06,93.48,92.75,93.13,644766
maa,2016-08-15,98.47,98.7,95.81,97.15,3730783
aon,2017-02-03,112.78,114.23,112.2,114.06,1426621
mtd,2017-05-05,549.9,566.49,542.22,544.14,419533
sbac,2017-04-24,124.0,124.51,122.91,123.46,807816
hrb,2016-01-06,32.82,33.2,32.71,33.01,2956772
gm,2014-10-21,30.5,31.07,30.32,30.84,12576775
mo,2015-02-25,55.81,55.99,55.55,55.64,5125110
orly,2017-11-14,220.0,223.38,215.1,215.89,1116214
hii,2016-02-16,132.61,134.47,130.225,134.34,402592
aiz,2016-09-09,89.67,90.2799,88.92,89.23,478208
ms,2016-10-04,32.07,32.4,31.81,32.04,9525387
rsg,2017-06-23,63.9,64.07,63.69,64.04,1347972
dov,2014-05-15,85.98,86.27,84.86,85.77,844023
crm,2014-05-29,53.12,54.9599,53.0401,54.4,6818435
azo,2017-01-06,791.0,796.735,788.26,792.91,216484
ivz,2016-12-20,31.74,31.96,31.62,31.83,3185814
eqt,2016-06-15,74.7,75.88,74.51,74.77,1439993
pdco,2016-12-23,40.86,41.17,40.69,40.85,731654
tss,2015-12-18,52.54,52.7,50.87,51.01,7506248
a,2016-11-03,43.33,44.0,43.18,43.66,2510054
acn,2016-08-29,115.08,115.56,114.35,114.85,1367742
hes,2016-10-11,53.78,53.84,52.515,52.57,3006808
cpb,2017-11-08,46.27,47.265,46.21,47.16,1744552
cnp,2015-03-16,20.63,20.95,20.58,20.7,4175161
jwn,2015-09-16,73.57,74.4,73.29,74.3,1190332
unm,2017-06-12,46.5,47.2,46.35,46.81,1914392
tap,2014-09-26,74.84,74.84,73.53,74.07,1130159
cdns,2014-05-14,15.69,15.72,15.49,15.56,2425423
pm,2017-03-07,109.52,110.64,109.5,110.55,3929137
holx,2015-10-08,37.41,37.48,36.72,37.2,2807347
aap,2016-11-23,170.26,171.51,168.65,171.04,982068
leg,2014-09-23,35.34,35.4601,35.0,35.0,890834
sbac,2016-08-12,115.06,117.13,115.06,116.32,616006
jwn,2017-11-03,39.2,39.405,38.43,38.5,1642140
hrl,2017-06-15,34.9,34.93,34.48,34.6,2276851
xl,2016-08-11,33.64,33.66,33.09,33.17,1814598
ew,2016-04-08,106.32,106.78,104.0644,104.47,1104593
mat,2014-01-21,44.23,44.38,43.36,43.4,3417880
exr,2017-06-27,78.4,79.02,78.23,78.31,701378
tdg,2017-06-12,269.12,270.39,250.18,262.78,1422779
hrb,2017-08-28,29.79,29.92,29.1,29.61,3079498
jpm,2017-02-01,85.54,86.1,84.68,84.95,15430940
pypl,2017-08-22,59.72,61.0,59.44,60.84,5835707
xrx,2014-10-21,51.32,52.96,51.236,52.8,2498272
rl,2014-10-24,161.03,161.03,159.48,160.25,1148865
pgr,2014-01-15,26.06,26.14,25.865,25.99,5146487
unh,2016-07-12,140.89,140.95,139.37,139.86,4310135
cog,2016-02-24,18.92,19.97,18.81,19.71,14559030
efx,2017-09-01,142.73,143.37,141.59,141.59,363111
fdx,2016-06-14,160.2,161.45,158.4694,159.75,1299558
flr,2014-12-29,60.84,62.09,60.72,61.57,1777774
ni,2017-02-17,22.71,22.73,22.505,22.7,11287198
sni,2016-06-29,60.21,61.025,59.89,60.97,674969
cah,2014-11-11,79.12,80.06,79.12,79.6,1485383
tjx,2015-09-01,69.05,70.31,69.0,69.39,3488201
cost,2016-06-02,150.05,151.51,148.55,151.51,3957636
wrk,2017-06-08,55.67,55.82,55.23,55.46,1389706
mchp,2014-04-16,47.23,47.23,45.67,46.45,1872524
cma,2015-06-10,51.85,52.85,51.82,52.24,2229749
cms,2014-07-22,30.47,30.62,30.33,30.46,2212639
mcd,2016-12-16,122.89,123.84,122.54,123.24,10793788
wat,2017-06-19,184.86,185.7,184.32,185.58,496912
chtr,2014-01-27,131.31,140.74,131.31,136.92,4420024
kr,2016-03-04,37.62,37.7,36.46,36.84,21043171
ir,2016-08-01,66.39,66.81,65.84,66.37,2114070
m,2017-06-12,22.77,23.33,22.43,22.67,12620753
cxo,2017-06-26,116.83,118.0,115.68,115.91,976222
cog,2017-03-14,22.63,22.77,22.24,22.31,5464249
twx,2016-04-01,72.04,73.23,71.64,72.99,3435439
cvx,2017-08-24,106.5,107.67,106.33,107.44,5059721
nflx,2016-03-09,96.82,98.37,95.0,98.0,12298660
spgi,2015-10-16,93.46,93.5799,92.29,92.65,984880
cb,2017-03-08,137.9,138.38,136.79,136.96,1134812
apa,2017-10-19,42.1,42.95,42.02,42.15,3679922
mco,2016-08-05,104.51,105.13,104.41,105.05,989389
dgx,2016-07-20,83.5,83.86,83.17,83.56,964586
psx,2016-05-27,80.05,80.8,79.75,80.63,2319509
cl,2017-08-21,71.08,71.75,71.0772,71.61,2436330
txn,2017-08-30,81.21,82.41,81.1,82.31,4522163
chd,2017-03-22,50.57,50.62,50.24,50.28,1735875
rok,2014-07-25,122.66,123.72,122.13,123.06,474059
bdx,2014-06-17,117.81,118.39,117.28,117.73,661686
mar,2014-08-14,66.75,67.35,66.55,67.26,1685564
ctas,2015-07-21,86.18,86.76,85.18,85.19,583945
whr,2017-04-03,171.83,172.12,169.15,170.72,552305
cdns,2014-08-12,16.88,16.92,16.79,16.905,3708532
sni,2017-12-28,85.47,85.71,85.15,85.48,1105536
nue,2014-01-06,52.92,53.0,52.2,52.53,1459607
slg,2016-12-19,110.18,111.02,109.53,110.11,661002
eqt,2017-08-23,61.11,61.94,61.0,61.04,2739708
aes,2016-02-09,9.33,9.64,9.2,9.51,5530347
de,2015-09-28,74.49,75.01,73.7,73.76,5479631
var,2017-10-17,102.77,104.25,102.35,104.2,461432
flr,2017-08-07,39.91,40.15,39.17,39.18,3167398
cb,2015-07-27,106.12,108.01,106.1026,107.0,3007140
cmi,2015-02-12,135.48,136.78,135.355,136.63,1753527
hbi,2017-11-02,20.9,21.22,19.2725,20.08,20509841
wy,2014-12-23,36.59,36.78,36.46,36.58,2389926
zts,2015-11-25,46.8,47.23,46.66,46.97,2196761
ctl,2016-01-07,24.41,24.7,24.17,24.22,4902768
ndaq,2014-10-28,41.26,41.9,40.945,41.82,820905
cvs,2014-07-29,78.49,78.64,77.81,77.81,3372706
f,2016-12-30,12.24,12.28,12.08,12.13,27405736
pru,2015-03-16,81.71,83.12,81.5201,83.07,2527911
idxx,2017-03-01,145.84,148.22,145.37,147.01,796928
adbe,2017-12-26,174.36,175.0,173.03,174.44,918355
nclh,2015-08-28,57.43,57.83,56.8,57.74,906888
fitb,2016-03-15,17.08,17.23,17.0,17.19,6779116
lly,2016-02-29,73.37,73.37,71.98,72.0,5730166
rop,2017-04-11,207.85,209.38,204.99,206.95,514995
nsc,2014-05-29,100.48,101.08,100.27,101.04,934575
algn,2014-11-04,51.95,52.42,51.76,52.23,506764
rf,2017-01-23,13.89,14.08,13.78,13.91,13191108
mar,2014-04-22,56.17,57.12,56.17,57.05,1418507
dte,2017-08-01,107.3,107.43,106.54,106.99,1245724
amat,2017-12-01,52.0,52.7154,50.371,51.91,16271762
f,2015-10-06,14.19,14.44,14.15,14.31,27045884
aee,2017-06-05,57.12,57.16,56.87,56.88,823572
kim,2015-07-15,24.04,24.41,23.92,24.26,3886437
csra,2017-05-15,29.1,29.51,29.01,29.3,2131945
wyn,2016-01-29,63.41,65.02,63.41,64.9,2219222
ivz,2014-10-27,37.81,38.03,37.61,37.94,2187550
mchp,2016-04-01,47.91,48.33,47.54,48.28,2130109
dps,2017-07-20,91.52,91.685,91.08,91.26,991424
dltr,2017-05-24,78.86,79.14,76.72,78.08,5007179
cpb,2015-11-20,49.7,49.72,48.74,48.82,1774418
adi,2014-03-31,53.03,53.38,52.87,53.14,1731964
disck,2014-04-08,75.44,75.59,74.24,74.9,512244
pnw,2014-11-24,62.65,62.75,61.86,62.02,881459
cl,2016-11-18,65.74,66.0,65.5,65.86,4747547
lkq,2017-06-21,32.46,32.62,32.05,32.1,1507047
vlo,2016-12-21,67.51,68.3068,66.6,67.93,3206370
gpc,2017-10-31,88.16,88.72,87.82,88.23,569575
fox,2016-04-21,30.0,30.37,29.96,30.09,4232850
bbt,2015-11-17,38.04,38.28,37.21,37.8,3183528
pnr,2014-10-13,62.63,62.92,61.25,61.31,2443739
agn,2017-06-15,232.12,235.48,232.12,234.76,2062253
hst,2016-04-20,15.85,15.91,15.53,15.54,9957491
etr,2017-10-26,86.77,87.0,86.11,86.18,1012807
nflx,2014-10-03,64.7414,65.7999,64.6442,65.6485,15292396
clx,2014-04-23,89.0,89.39,88.75,88.99,842084
klac,2017-08-09,90.08,91.85,89.49,91.48,929319
jnpr,2014-11-18,21.27,21.71,21.19,21.58,5535101
spgi,2017-07-24,153.77,155.17,153.72,154.79,1080278
pdco,2016-12-20,40.41,40.61,40.21,40.28,1022169
nem,2016-08-19,43.65,44.31,43.25,44.17,5301826
hca,2017-06-09,82.8,83.62,82.31,83.57,1959773
nov,2017-09-20,35.33,35.9,35.27,35.51,4436113
dri,2017-12-19,93.86,96.74,92.56,96.69,4835063
spg,2016-11-04,180.12,180.52,178.53,180.28,1662663
bk,2015-03-16,41.1,41.27,40.845,41.05,5253086
stx,2016-04-04,33.67,33.84,33.23,33.55,2313276
fl,2015-08-27,71.44,71.95,70.71,71.83,2240910
eix,2014-11-05,62.92,63.48,62.57,63.02,5272796
awk,2014-11-24,52.42,52.57,52.11,52.23,545732
oxy,2016-05-16,76.15,76.8525,75.84,76.53,4468427
trip,2016-05-17,64.95,66.8,64.91,65.79,2774216
re,2015-01-20,171.92,171.92,167.28,169.17,447108
bbt,2014-12-24,39.29,39.4,38.98,39.11,1282662
aon,2017-01-26,112.94,113.285,112.59,112.95,930454
wu,2014-06-06,16.32,16.4125,16.19,16.26,4418842
goog,2017-09-11,934.25,938.38,926.92,929.08,1266991
hst,2017-11-06,19.79,19.975,19.64,19.79,4930994
csco,2014-12-05,27.79,27.85,27.4,27.5,26722292
aep,2015-03-10,55.06,55.85,54.93,55.26,2588160
hban,2017-05-25,12.83,12.95,12.75,12.87,4817314
fdx,2015-11-10,160.7,162.46,159.73,161.5,1627864
lb,2016-10-04,70.21,70.71,69.6694,70.35,1781492
pdco,2015-07-08,49.26,49.46,48.55,48.59,793539
bax,2017-12-22,64.59,64.98,64.41,64.72,1293939
dlr,2014-12-16,64.8,65.32,64.11,64.48,1191077
maa,2015-05-07,75.33,76.695,75.24,76.32,451791
v,2014-05-07,51.7525,52.25,51.1088,52.175,14733460
dal,2017-03-07,48.52,48.67,47.565,47.64,10266164
tgt,2017-09-11,57.56,57.84,57.11,57.29,6057516
scg,2014-09-10,50.59,50.6938,50.23,50.42,558751
k,2017-08-03,68.1,70.93,67.81,70.36,5046709
tif,2017-10-25,94.0,94.14,92.7,93.48,666790
pcg,2014-01-06,39.71,39.87,39.54,39.69,2588721
cnc,2015-11-05,60.74,62.1,60.48,61.74,1158174
apa,2017-07-20,50.36,50.53,49.29,49.35,3460435
hal,2014-03-25,58.34,59.38,58.18,59.14,7407262
clx,2015-10-08,119.05,120.3,118.47,120.18,834067
msi,2017-06-07,87.78,87.97,85.67,86.18,1151729
hca,2015-07-08,91.94,92.55,90.93,91.04,2911985
adbe,2014-04-29,60.57,60.93,59.905,60.91,3531625
fb,2014-07-07,66.3,66.57,65.12,65.29,28745099
regn,2016-04-12,396.33,410.49,394.2,408.07,1047289
hes,2017-07-14,43.47,44.12,43.33,43.96,3299948
ess,2017-03-14,224.29,226.63,222.56,225.11,228738
ksu,2014-05-21,105.22,106.76,105.025,106.73,973781
wm,2016-06-27,63.5,63.786,63.05,63.65,2809675
ksu,2017-07-25,105.55,105.75,104.15,104.35,842802
payx,2015-10-26,51.94,52.21,51.65,52.15,2247789
spg,2016-05-25,197.94,198.38,194.77,196.09,1531767
ntrs,2015-03-13,70.74,70.97,70.02,70.87,795697
cbs,2015-07-13,55.45,55.75,55.3,55.54,4667481
mrk,2016-05-16,53.77,54.77,53.59,54.65,6649085
ctl,2016-10-27,28.31,33.45,27.82,31.0,36625594
ibm,2015-05-19,172.97,173.75,171.93,173.48,2523002
bhf,2017-09-11,55.08,56.0,54.83,55.11,1125997
ess,2016-09-12,219.32,226.2,218.671,225.02,460340
mchp,2014-09-08,48.73,49.09,48.63,48.97,1169138
a,2014-06-24,58.03,58.49,57.58,57.65,1125825
ups,2015-01-13,110.49,111.87,109.43,110.11,3236316
dhi,2016-10-13,29.19,29.2,28.71,28.88,4278740
fox,2015-02-26,33.75,33.894,33.54,33.795,1964010
mat,2016-10-14,30.26,30.54,30.09,30.1,3155376
kr,2016-05-25,35.55,35.69,34.83,34.94,6992724
dis,2014-11-11,90.01,90.03,89.13,89.98,5896789
kss,2014-01-16,53.48,53.57,52.55,52.83,6046672
azo,2014-08-28,535.09,540.0,533.59,538.77,102482
csra,2017-12-04,28.87,29.56,28.87,29.24,1591311
clx,2015-05-22,109.69,110.23,109.47,109.79,488020
cme,2017-12-29,146.47,148.07,146.01,146.05,879897
efx,2016-03-10,107.16,107.68,105.52,106.78,578986
pnw,2016-01-14,63.84,65.28,63.64,64.81,849906
pnw,2014-01-24,52.44,52.82,52.01,52.01,745068
mac,2017-12-27,65.89,66.22,65.31,65.88,1932337
gww,2015-05-19,246.91,247.15,245.08,246.16,306751
mgm,2015-09-03,20.35,20.91,20.35,20.49,4474377
mro,2017-06-05,12.61,12.86,12.54,12.78,10988549
has,2015-02-06,56.02,56.25,55.26,55.74,1548924
leg,2014-04-30,32.68,32.99,32.57,32.86,1003824
ksu,2016-07-05,88.64,89.02,86.74,87.49,1444244
sbac,2017-05-10,129.8,130.2,128.96,129.19,811669
mac,2017-02-14,67.61,67.61,66.72,67.17,794964
ayi,2015-09-01,191.0,194.27,191.0,191.98,356500
incy,2015-11-20,117.9,117.9,112.02,113.13,1480942
met,2016-10-17,47.0,47.22,46.57,46.67,4721937
wm,2017-02-23,73.14,73.3,72.59,72.91,1490226
duk,2017-03-13,80.8,80.975,80.455,80.87,3423476
syf,2015-07-27,34.62,34.9,34.27,34.62,487549
emn,2015-12-18,66.37,67.9,66.14,66.56,1781442
coty,2016-03-21,27.77,28.05,26.995,27.01,981930
payx,2017-04-12,58.36,58.65,58.22,58.45,2093499
pm,2014-07-09,86.51,86.85,85.82,86.03,3192726
ntap,2014-02-26,40.355,40.43,39.73,40.28,3863461
aiz,2014-03-19,66.37,66.4,64.91,65.23,707235
atvi,2015-01-23,20.59,20.83,20.52,20.65,5917984
vrtx,2016-08-02,97.43,99.45,96.0099,99.14,2144656
hcn,2015-12-29,67.72,68.56,67.53,68.51,1910131
sna,2015-05-26,156.55,157.05,155.5,155.82,253829
mchp,2014-10-17,39.64,40.02,38.32,38.39,3646807
ir,2014-11-25,63.8,64.15,63.53,63.84,1462607
chk,2014-10-28,20.94,21.65,20.75,21.6,7330759
pfe,2015-05-14,33.71,33.99,33.66,33.94,17894537
ba,2015-05-04,143.85,144.79,143.18,144.02,8977535
cci,2017-04-28,94.87,95.01,94.09,94.6,1821318
mhk,2017-05-04,230.6,232.65,230.42,232.56,547768
cbg,2017-12-15,42.93,43.32,42.78,43.25,4035802
tmo,2017-05-12,170.7,172.06,170.41,171.52,1107444
fast,2015-01-20,45.31,45.68,44.94,45.4,2168329
ivz,2015-07-23,38.58,38.58,37.89,38.0,1967905
jpm,2017-09-12,90.17,91.25,90.1,90.89,14003776
iff,2014-02-03,86.43,87.136,83.98,84.04,402337
mtb,2016-02-29,106.34,106.34,102.53,102.55,1603600
a,2015-11-04,38.33,38.48,38.0,38.34,1569620
chk,2016-06-16,4.21,4.35,4.03,4.24,38943015
hes,2014-09-24,96.0,96.85,94.82,96.0,2646052
xom,2015-03-04,87.96,87.96,86.93,87.18,13467554
klac,2015-05-19,59.74,60.15,58.88,59.08,1231914
fb,2015-12-14,102.285,104.74,101.46,104.66,24813496
abbv,2014-11-06,62.75,63.39,62.42,62.71,5152441
txn,2015-07-27,48.88,49.36,48.47,49.03,9394228
ms,2014-02-28,30.36,30.94,30.23,30.8,14171408
hcn,2015-10-07,69.07,69.64,68.54,69.62,2026922
rsg,2015-09-11,40.24,40.46,40.08,40.46,1383883
yum,2014-06-05,78.87,79.34,78.55,79.11,1719053
idxx,2016-09-28,113.36,113.52,112.32,113.41,272688
expd,2014-06-24,44.31,44.68,43.94,43.96,1054900
hes,2016-04-20,60.47,62.079,59.99,61.18,5894414
xray,2017-03-22,62.6,62.91,62.12,62.65,774850
aap,2014-06-26,130.3,131.71,130.02,130.53,1157738
pfe,2016-04-22,33.25,33.5,33.07,33.27,26137321
wat,2016-06-10,138.74,139.11,137.53,138.04,283819
etr,2016-11-18,68.09,68.43,67.395,67.83,1298358
unm,2017-01-18,44.26,44.66,43.75,44.49,1465696
jnpr,2015-04-10,23.76,23.86,23.61,23.77,3746314
nvda,2017-09-11,165.54,169.4325,165.32,169.0,14186078
cb,2014-02-10,94.19,95.03,93.93,95.03,1712534
fbhs,2014-02-21,45.54,45.64,44.91,44.98,924076
alle,2017-06-16,81.02,81.93,80.76,81.58,822493
amg,2015-02-11,213.5,214.25,211.75,212.98,475007
bdx,2016-11-16,166.56,169.3901,165.936,169.26,1258857
hp,2017-10-04,50.01,51.18,49.69,51.14,1540177
ben,2017-06-08,42.47,43.14,42.43,42.9,2187312
gm,2017-01-25,37.71,38.375,37.6,38.28,20745169
bax,2016-07-21,46.64,46.72,45.87,46.1,2369152
cb,2016-01-13,113.26,113.73,109.95,110.06,4265188
nlsn,2014-06-02,48.43,48.51,47.85,47.92,1448147
cah,2015-07-02,85.25,85.46,84.14,84.5,1556760
bdx,2014-05-12,117.8,118.53,117.55,118.0,739008
uaa,2016-09-14,38.21,38.84,38.0,38.25,3272721
ndaq,2015-06-22,50.63,51.0,50.45,50.62,544579
amat,2016-12-23,32.92,33.0,32.66,32.9,4028103
aep,2015-01-08,61.63,62.19,61.63,61.97,2473982
twx,2015-07-27,87.07,87.517,86.32,86.54,2756719
dfs,2016-10-28,56.92,57.06,56.12,56.57,2458143
amgn,2016-08-17,172.01,174.5,171.68,174.31,2580941
fe,2016-08-18,32.83,33.12,32.715,33.12,4054228
cop,2016-12-16,51.98,52.14,51.565,51.94,10313087
pwr,2014-05-16,32.99,33.06,32.59,32.81,1818642
ame,2014-05-07,52.56,53.09,52.23,53.02,1118766
swk,2014-08-20,91.1,91.83,90.995,91.54,917315
cfg,2017-03-01,38.42,39.75,38.34,39.59,7133705
kim,2015-03-27,26.45,26.71,26.435,26.52,2208268
msft,2017-10-11,76.36,76.46,75.95,76.42,15388898
cvs,2017-12-26,73.5,74.0,72.76,73.68,4801740
spgi,2016-11-07,124.87,126.7,124.5505,125.46,1273758
alxn,2015-12-14,187.81,190.99,186.0001,187.79,2041124
cnc,2017-03-01,71.66,73.23,71.45,72.42,2184550
fitb,2017-03-10,27.67,27.77,26.64,27.16,8208622
pnr,2015-04-15,63.99,65.26,63.64,64.88,1476789
o,2017-10-27,53.38,54.09,53.01,53.93,1812196
dhi,2016-10-31,28.73,29.02,28.67,28.83,2708678
foxa,2017-02-02,31.53,31.59,31.29,31.46,4731048
low,2016-06-14,77.22,77.3,75.61,76.08,8076722
var,2015-08-12,85.75,86.99,85.28,86.82,626073
phm,2016-10-13,19.6,19.65,19.34,19.4,3543949
iqv,2014-11-26,57.65,58.2,57.27,57.96,365017
incy,2014-09-10,50.89,51.54,50.53,51.05,993577
dva,2014-07-23,71.87,71.87,71.23,71.67,595042
hsy,2015-12-30,90.86,91.13,90.47,90.6,666585
swk,2015-10-05,98.24,99.99,98.24,99.79,1130657
nov,2016-04-29,33.33,36.49,33.28,36.04,13923952
pwr,2017-01-24,35.03,37.47,35.03,37.41,4435134
dfs,2015-07-17,59.05,59.23,58.91,59.15,2442202
itw,2016-02-18,95.1,95.85,94.76,95.57,1668619
hes,2015-07-23,58.96,59.49,58.35,59.28,2333088
col,2015-09-22,82.08,84.16,81.57,82.08,519973
vz,2016-04-15,51.28,51.49,51.1,51.35,11861953
bbt,2016-12-16,47.19,47.32,46.54,46.59,5081798
hlt,2017-12-06,77.75,77.86,76.63,76.75,1434971
dltr,2017-11-01,91.6,92.06,90.34,91.12,1750042
chk,2016-04-20,6.05,6.53,6.01,6.42,40822447
qcom,2014-10-28,76.19,76.62,75.99,76.57,6324426
clx,2014-07-16,92.71,92.93,92.46,92.63,710290
akam,2017-09-15,46.56,47.36,46.49,47.34,2697554
chrw,2017-10-09,76.55,76.73,75.39,75.45,819552
pbct,2014-05-28,14.3,14.53,14.3,14.44,1487195
hrl,2017-12-13,37.1,37.28,36.93,37.12,1219063
noc,2015-02-04,160.19,163.24,160.032,161.84,1627830
ma,2015-01-08,85.19,85.62,85.03,85.53,5174184
bk,2017-03-31,47.32,47.61,47.2,47.23,2854172
unp,2014-10-03,107.01,109.75,106.82,109.51,4014240
psx,2014-03-21,80.12,80.12,77.82,77.95,4628594
exc,2017-12-20,39.47,39.72,38.97,39.04,6077680
cnp,2016-07-25,24.65,24.69,24.37,24.51,3452555
mco,2014-11-19,101.45,101.53,100.24,100.6,680966
zbh,2015-04-20,115.08,116.45,114.88,115.92,583418
symc,2016-04-05,18.47,18.5,18.31,18.37,8742878
chrw,2016-07-01,74.57,75.28,74.22,75.19,1393708
ctsh,2017-10-27,74.71,75.5,74.0,75.39,3424290
o,2015-07-09,46.5,46.68,45.812,45.95,1727870
agn,2014-04-01,205.34,213.5,204.86,209.22,4041592
pkg,2015-03-13,79.31,79.54,77.87,78.47,771450
aep,2014-04-24,52.06,52.76,51.64,52.33,4579184
dte,2014-04-07,74.76,75.32,74.28,74.3,1255830
tsn,2016-07-14,68.92,69.985,68.615,69.85,2177847
bk,2016-04-14,37.71,38.42,37.512,38.06,4652193
hon,2014-05-23,91.26,92.09,91.26,91.97,1863659
pfg,2015-08-28,51.02,51.28,50.42,50.9,1435162
cmg,2015-11-16,591.23,593.85,583.07,588.74,838799
pxd,2017-07-24,160.67,162.0,159.87,160.1,1082902
nrg,2015-10-22,14.9,15.045,14.66,14.92,5609363
col,2015-06-11,94.2,95.09,94.05,94.88,634086
cb,2015-12-30,119.31,119.855,118.07,118.2,1720471
cl,2017-12-20,75.22,75.34,74.39,74.52,3770369
wmb,2015-10-08,43.18,44.51,43.09,43.8,10213455
amt,2014-04-17,82.49,83.13,82.32,82.65,1826163
aep,2016-02-24,62.78,63.3,62.395,63.01,1800768
alb,2015-04-13,58.61,58.94,58.29,58.38,766579
kss,2015-04-08,78.28,78.84,77.25,77.75,2950209
pxd,2014-01-03,176.32,178.33,173.9,176.05,1211011
ups,2017-06-30,110.21,111.01,109.7505,110.59,2178072
mlm,2017-02-23,219.7,220.25,206.34,208.68,1913454
irm,2015-01-07,39.79,39.9575,39.42,39.57,1701981
c,2015-08-07,58.18,58.61,57.44,57.91,11933951
whr,2014-05-28,144.0,144.59,142.55,143.26,661710
sti,2017-10-27,60.43,60.63,60.09,60.62,2684231
pfg,2016-09-21,49.32,49.845,49.221,49.77,1372720
csx,2014-03-11,28.98,29.06,28.68,28.84,6129229
msi,2017-06-01,83.95,85.65,83.49,85.64,1490811
cpb,2014-04-30,45.31,45.5,45.01,45.49,688364
hban,2015-11-25,11.7,11.75,11.61,11.66,4402774
pnr,2016-09-29,63.08,63.67,62.77,62.95,1600198
jci,2016-09-08,47.51,47.98,47.27,47.86,10999312
wat,2015-06-10,133.84,134.99,133.26,134.82,611750
cf,2015-07-13,62.03,62.62,61.6601,62.1,1463845
f,2016-11-03,11.39,11.46,11.27,11.35,38651451
amt,2017-09-14,143.495,143.95,141.75,141.86,2211940
jnpr,2017-12-19,28.38,28.73,28.24,28.44,4122006
amat,2016-09-29,29.66,29.82,29.3,29.58,11533967
cme,2017-10-24,134.8,134.9,133.64,134.07,1498072
met,2017-07-07,56.05,56.45,55.7,56.17,3933914
pep,2014-10-01,92.67,93.22,92.42,92.65,4842772
hp,2015-05-13,76.06,76.43,74.91,75.81,1240743
nclh,2017-10-18,58.45,58.45,57.13,57.47,4215009
lnt,2016-07-01,39.98,40.55,39.81,40.39,3185170
c,2017-05-30,61.79,62.0668,61.51,61.64,12603786
cci,2016-05-13,90.24,90.67,89.69,89.85,2381745
rmd,2014-11-19,52.25,52.48,51.72,52.02,725148
viab,2017-08-28,29.16,29.54,29.04,29.43,3879099
ivz,2014-03-18,35.05,35.33,34.81,35.09,2438286
l,2017-02-10,46.47,46.56,46.3,46.48,820255
pnc,2016-05-09,84.86,86.04,84.61,84.99,2258999
adm,2014-04-17,44.86,45.34,44.8,45.04,4119949
dltr,2015-02-26,78.79,79.5,78.42,79.04,2759294
low,2016-10-14,71.57,71.93,71.24,71.35,5659945
ma,2016-04-05,94.1,95.41,93.89,94.36,5378293
bsx,2014-12-31,13.37,13.41,13.12,13.25,7875390
pcar,2016-03-21,55.13,55.26,54.3875,54.93,1867652
awk,2017-06-12,79.28,80.25,79.24,79.7,801591
el,2014-01-30,69.06,69.38,68.21,68.95,2451127
cnp,2016-06-28,23.35,23.62,23.15,23.62,4954220
hban,2016-02-19,8.48,8.68,8.41,8.67,14307388
hii,2015-08-03,117.03,117.03,115.06,115.73,278312
syk,2017-07-14,143.29,145.99,143.29,145.4,901770
maa,2014-10-20,67.5,68.94,67.5,68.87,408957
lnc,2017-05-22,65.9,65.95,64.95,65.12,1441317
whr,2014-06-10,141.93,143.37,141.05,143.35,926394
pnr,2016-06-15,59.51,60.18,59.1,59.8,1486968
zts,2014-12-09,43.18,44.49,42.74,43.82,5516141
disca,2014-07-03,76.0,77.12,75.98,76.57,759411
ame,2016-08-11,47.46,47.77,47.39,47.49,1459910
msi,2014-11-28,65.2,66.08,65.2,65.72,728901
emn,2016-12-22,76.14,76.64,75.47,75.93,602621
nvda,2015-12-21,32.49,32.93,32.2,32.895,7105373
adm,2015-11-03,43.33,43.64,41.74,43.15,11417836
rl,2015-05-29,131.63,132.22,130.0,130.4,790351
gt,2015-07-31,29.92,30.17,29.58,30.13,2666376
swks,2016-06-10,66.91,67.08,65.42,65.55,2416971
pki,2014-04-04,46.43,46.5,45.5033,45.66,688469
ko,2014-10-09,44.44,44.75,43.87,43.87,25030528
col,2015-04-09,97.3,97.595,96.53,97.28,785984
slg,2015-07-02,112.63,114.03,112.54,112.74,846255
cvs,2016-02-08,92.22,92.38,89.24,89.65,9664842
udr,2017-05-24,38.35,38.49,38.12,38.39,797604
unh,2017-02-23,161.33,162.6,160.6901,162.6,2460188
schw,2014-05-23,25.59,25.72,25.45,25.65,4796460
fls,2015-06-19,53.55,53.85,53.35,53.52,3081838
rf,2014-11-28,10.15,10.19,10.05,10.07,6981068
bac,2015-01-27,15.55,15.79,15.48,15.63,86184227
kss,2017-04-04,38.59,38.74,37.44,37.69,5292893
cme,2016-09-06,108.47,108.715,107.01,107.7,1258513
mhk,2016-06-13,194.03,195.46,192.55,192.59,390520
lnt,2015-02-04,34.59,34.59,33.875,34.055,1332468
cmcsa,2014-06-17,26.14,26.175,26.0,26.1,15988314
lkq,2017-11-03,36.61,37.91,36.61,37.71,1258314
psx,2015-01-28,69.8,70.06,68.32,68.37,6039348
swks,2016-08-17,69.7,70.42,69.2,70.19,3107157
wy,2016-10-06,30.51,31.37,30.42,31.1,3766352
luv,2015-07-09,32.79,32.89,32.4601,32.52,8008865
avy,2014-02-20,49.34,49.5,48.91,49.3,628148
ndaq,2017-10-30,72.29,73.13,72.06,72.4,1894939
trv,2014-03-07,84.73,84.86,83.71,83.93,2733721
amt,2015-09-16,89.25,90.81,89.25,90.6,1788532
bwa,2014-06-10,65.63,66.33,65.5,66.07,1033125
amd,2017-04-12,12.94,13.1,12.74,12.76,37385363
fdx,2017-06-07,203.3,206.31,202.42,206.15,2175659
whr,2017-04-26,181.52,186.29,180.88,185.12,1597398
blk,2016-12-21,398.82,399.09,392.21,393.53,672197
pfg,2017-07-17,65.99,66.47,65.6062,66.34,1097402
sre,2014-01-21,92.28,92.97,91.78,92.93,700939
symc,2016-07-05,20.39,20.54,20.16,20.35,7191505
orcl,2014-05-16,41.89,41.97,41.32,41.69,15497383
syf,2016-06-27,24.3,24.32,23.25,23.36,14961202
m,2014-03-06,57.58,57.7,57.08,57.3,4017682
ph,2015-02-25,123.15,123.96,122.49,123.44,745236
csx,2015-09-15,28.49,28.95,28.41,28.89,6611185
pg,2015-04-13,83.0,83.95,82.94,83.43,8290458
hii,2015-04-02,140.62,141.69,138.75,139.44,162070
pnc,2016-07-27,82.83,83.44,82.51,82.62,4301045
alxn,2015-04-24,183.04,183.98,179.52,180.08,1644938
ip,2015-12-02,41.05,41.17,39.91,40.07,5312766
mas,2017-10-18,38.97,39.1,38.64,38.66,1552386
tdg,2016-09-26,287.4,291.8,287.12,290.18,458093
wmt,2014-10-10,77.93,79.37,77.93,78.29,10078027
vfc,2017-06-28,57.12,57.48,56.995,57.03,1886674
trow,2014-04-03,84.21,84.73,82.97,83.5,837310
eix,2015-08-13,60.46,60.78,59.97,60.59,2139955
tsn,2017-02-16,65.24,65.36,63.85,64.9,3814992
gt,2016-03-31,32.72,33.04,32.6,32.98,3066116
aiz,2017-10-27,100.29,100.44,99.51,100.05,337646
tgt,2017-10-18,60.17,60.58,60.0,60.03,3538579
rrc,2014-07-28,76.63,76.94,75.8,76.27,2692522
jnpr,2016-03-28,25.47,25.54,25.26,25.45,4982260
met,2014-11-03,54.52,54.575,54.07,54.3,5185111
ctl,2015-10-14,25.85,26.38,25.85,26.18,3472320
hes,2015-09-29,48.47,48.89,47.84,48.28,2216831
incy,2014-04-24,48.04,48.14,45.2701,47.3,1394028
cf,2017-09-18,33.47,36.51,33.32,35.1,10287755
nbl,2016-10-05,36.14,36.52,35.8,36.2,3568163
rsg,2015-06-08,39.79,40.07,39.71,39.96,820710
exc,2016-09-06,34.27,34.45,34.22,34.45,3509111
rrc,2016-03-11,30.62,31.49,30.06,31.11,4109794
hban,2015-02-27,10.94,11.0,10.89,10.94,5375796
psa,2016-12-05,209.12,212.88,205.93,212.45,1258507
nbl,2016-07-22,35.45,35.45,34.77,35.03,2636017
pwr,2017-10-02,37.21,37.58,37.21,37.42,1555672
sjm,2017-06-29,120.1,120.13,117.78,118.02,1354403
wyn,2014-03-24,73.08,73.33,71.91,72.1,904405
goog,2016-11-03,767.25,769.95,759.03,762.13,1943175
bax,2017-11-22,64.31,64.61,63.82,64.04,1553441
ilmn,2016-07-21,152.19,152.67,150.3001,151.31,788502
chd,2015-09-16,42.12,42.315,42.015,42.235,1542280
fox,2017-06-12,27.57,28.56,27.57,28.17,4661740
cag,2017-08-25,33.39,33.46,33.03,33.14,4241182
eix,2016-03-24,71.42,71.93,70.83,71.34,2127663
jbht,2014-09-24,73.13,73.13,72.37,72.75,707051
mpc,2014-02-03,43.54,43.55,41.79,42.17,9182634
atvi,2017-11-16,63.13,64.41,63.04,64.13,4588967
csx,2016-10-11,30.81,30.82,30.305,30.47,9900627
wfc,2017-10-26,55.45,56.17,55.45,55.62,15979177
fis,2015-03-25,68.12,68.19,67.53,67.54,2031369
fcx,2017-05-15,11.73,11.87,11.67,11.75,19741774
zts,2015-03-24,47.24,47.605,46.76,47.02,1938127
mas,2016-09-09,34.86,34.87,33.06,33.26,6231075
ni,2015-02-20,43.59,43.83,42.96,43.62,1516406
ccl,2015-06-23,49.91,50.11,49.06,49.48,5867760
sig,2016-08-02,86.52,86.7,83.4601,83.59,1052752
cag,2014-02-28,28.3,28.56,28.26,28.4,3648864
amp,2016-02-23,84.22,84.31,83.03,83.43,1698413
wu,2016-01-15,16.66,16.83,16.35,16.64,5332765
glw,2016-10-31,22.73,22.75,22.53,22.71,10242788
axp,2017-09-11,84.97,86.12,84.97,85.69,3397496
navi,2014-05-08,16.5,16.64,16.35,16.45,5668216
shw,2015-04-14,290.45,291.39,288.62,290.19,511796
stx,2015-12-22,34.57,35.59,34.15,35.45,2926922
wltw,2016-11-21,125.1,125.46,123.53,123.89,475912
bbt,2014-08-13,36.18,36.43,36.18,36.33,2202155
cf,2015-09-29,44.25,45.16,43.88,44.19,2486557
dvn,2016-02-04,26.77,28.8698,26.42,26.56,11744072
cboe,2015-08-13,63.37,63.88,63.16,63.45,318186
fti,2015-09-10,32.86,33.62,32.53,33.32,3227510
csco,2014-09-02,24.94,24.995,24.75,24.88,19836085
qcom,2017-01-04,65.67,65.95,65.26,65.47,6221655
pfe,2017-03-30,34.19,34.44,34.15,34.35,14993815
ew,2016-03-15,87.75,87.86,85.95,86.29,1482434
rjf,2016-08-04,54.35,54.6,54.02,54.35,391567
nke,2016-04-28,58.95,59.89,58.42,58.54,6028575
abc,2017-02-24,91.51,92.16,90.53,92.16,1001677
cboe,2016-11-04,63.22,64.09,62.68,63.4,549781
txn,2014-07-17,48.53,48.93,48.055,48.15,5321585
luk,2017-07-26,27.1,27.1099,26.765,26.82,762601
trow,2014-02-18,80.69,81.07,80.11,80.66,876474
cern,2016-01-07,57.31,58.84,57.22,57.67,2553324
cbs,2017-04-07,68.87,69.08,68.28,68.67,2046832
dis,2015-09-23,102.44,102.63,101.38,101.57,5817994
dfs,2016-07-13,56.6,56.814,56.26,56.71,1841573
ulta,2014-03-19,98.85,101.35,97.85,101.27,1556142
andv,2014-01-03,57.47,58.02,56.42,57.14,2744311
it,2017-02-15,100.51,102.87,100.36,102.84,652859
mdt,2016-01-27,75.59,76.355,74.86,75.49,6805027
cf,2017-03-23,29.06,29.515,28.87,29.39,3676419
wmt,2014-04-24,78.17,78.47,77.7,78.31,4354918
oxy,2016-01-14,60.75,64.81,60.1901,64.0,9582273
csco,2015-05-28,29.34,29.56,29.16,29.35,18219564
sre,2016-05-05,104.95,106.07,104.205,105.44,1817604
glw,2014-06-26,22.04,22.06,21.64,21.75,7170587
met,2017-05-04,52.75,53.64,52.36,52.65,8646515
viab,2017-08-29,29.31,29.46,29.005,29.28,3358510
tss,2016-09-26,46.96,47.37,46.76,47.1,998635
rmd,2014-06-24,51.8,51.97,51.19,51.2,609467
cboe,2014-04-09,52.3,52.56,51.64,52.37,1072273
hrs,2017-03-27,110.05,110.97,109.426,110.79,1134355
hon,2015-03-12,100.99,102.565,100.99,102.46,2604688
txn,2017-11-03,97.0,98.0,96.34,97.98,3347281
rl,2015-01-07,175.67,178.9,175.5,178.78,620386
gs,2015-04-09,192.86,195.09,192.41,194.89,1986490
es,2014-11-12,49.6,50.18,49.2,49.49,2321600
gis,2016-01-12,56.21,56.45,55.82,56.37,3511289
gpc,2015-11-23,90.38,91.11,90.05,90.44,591516
rost,2017-06-09,61.42,62.08,60.74,61.96,2498629
hrl,2015-10-19,32.92,33.345,32.75,33.165,2359416
exr,2017-09-08,80.99,83.23,80.77,82.25,1283164
cdns,2015-06-25,20.05,20.16,20.02,20.14,1968820
cinf,2016-02-02,57.74,58.14,56.71,56.85,826932
aos,2016-01-29,33.435,35.03,31.37,34.925,3853246
mdlz,2014-07-11,37.76,39.54,37.76,38.42,13163032
pkg,2015-10-19,69.11,69.285,67.92,69.05,1012580
wynn,2017-02-10,99.03,100.2,98.52,98.9,2314945
xray,2017-03-30,62.66,62.94,62.37,62.65,621469
wltw,2017-02-24,126.76,128.16,125.39,128.09,577631
dltr,2017-05-30,78.08,78.99,77.82,78.17,1980261
hd,2015-12-24,132.8,133.48,132.66,132.9,1517075
nbl,2017-11-29,25.79,26.37,25.64,25.91,3973306
tmo,2017-10-13,193.68,194.12,191.91,192.42,852219
col,2017-03-31,98.16,98.21,97.15,97.16,1280559
nws,2014-09-25,16.56,16.6,16.39,16.42,761155
zts,2014-10-31,37.74,37.91,37.05,37.16,2589530
sti,2017-11-27,57.26,57.58,57.18,57.34,2200605
sbux,2015-10-19,60.13,61.29,59.8745,60.97,8117213
hcp,2014-09-23,39.78,39.855,39.49,39.52,2528307
lnc,2015-07-02,59.61,59.86,58.82,59.14,948469
wmb,2015-05-27,52.31,52.38,51.71,51.88,6477876
de,2015-10-30,78.2,78.6,77.72,78.0,2668800
txn,2014-11-28,54.55,54.74,54.26,54.42,3628647
cern,2017-04-04,58.82,59.18,58.57,59.15,2390737
rop,2014-05-14,141.24,141.41,139.77,139.96,205134
xray,2016-11-08,61.05,61.28,59.525,61.0,1221346
disca,2014-12-01,34.63,35.04,34.39,34.69,2111130
itw,2015-05-20,96.83,96.96,96.08,96.68,1014126
gm,2014-04-01,34.5,35.14,34.32,34.34,46569829
zbh,2014-12-29,113.75,114.31,113.25,113.5,450521
dre,2014-05-28,17.61,17.7,17.42,17.61,1723369
acn,2017-05-26,122.94,123.11,122.52,122.89,1415082
wfc,2016-11-22,52.43,52.58,51.81,52.22,22816942
ntap,2015-12-01,30.29,31.0,30.2201,30.97,2473827
gpn,2014-03-27,34.465,35.19,33.97,34.935,1937434
ecl,2016-10-11,118.48,119.135,116.5,117.16,864305
sna,2014-01-27,100.3,100.33,98.475,99.42,462693
pgr,2014-08-19,24.69,24.76,24.6,24.7,2475779
lrcx,2015-05-28,82.61,83.35,82.1,82.38,1259624
tdg,2016-10-27,271.83,273.04,269.04,269.62,439168
hrl,2016-11-29,35.4,35.58,35.23,35.47,2417361
spg,2015-09-23,183.0,184.8899,182.3,183.5,945925
gpc,2017-08-07,83.9,84.42,83.55,84.15,438086
ctsh,2017-02-13,57.75,58.0,57.53,57.64,6744771
lrcx,2017-10-02,185.04,187.57,183.4457,185.95,2101473
pypl,2016-11-18,40.08,40.57,39.91,40.08,9521525
lnt,2017-03-15,39.03,39.81,38.93,39.58,1537103
fis,2015-04-10,65.87,66.07,63.27,65.5,6919086
ctxs,2016-07-26,88.32,89.5,88.09,89.33,3149592
gpc,2016-10-17,97.75,98.25,97.43,97.83,584803
mrk,2017-06-28,65.76,65.9,65.14,65.16,6733271
tpr,2017-05-11,45.68,45.85,44.69,45.73,3808665
iqv,2015-04-06,65.97,66.88,65.77,66.46,532627
zion,2014-05-29,28.54,28.66,28.36,28.6,1196606
mhk,2017-12-04,285.05,286.85,282.93,284.65,872483
tpr,2016-05-06,39.58,39.99,39.12,39.91,2881505
snps,2016-03-31,48.2,48.58,47.97,48.44,1174275
ctl,2017-08-16,20.51,21.27,20.441,20.89,10626556
eix,2017-11-16,81.85,82.01,81.49,81.75,1384340
wec,2015-07-31,49.12,49.47,48.92,49.0,2133223
dfs,2014-02-24,57.91,57.91,56.95,57.44,2786261
nclh,2017-11-16,53.85,54.3,53.5,53.97,6225198
etr,2016-08-23,79.25,79.74,78.89,78.91,620534
orcl,2014-04-04,40.6,40.73,39.66,39.98,23836605
emr,2016-09-20,51.53,51.73,51.21,51.22,2125725
aph,2015-04-07,58.81,59.02,58.68,58.84,838922
wdc,2016-03-07,48.21,51.27,48.17,50.07,6168261
prgo,2014-09-29,150.12,150.59,148.58,149.73,561782
pfg,2014-04-08,45.32,45.68,45.01,45.27,1315606
stx,2017-10-13,33.86,34.56,33.66,34.4,4179203
gt,2015-12-29,32.89,33.43,32.88,33.26,1657227
col,2017-06-13,104.68,106.0,104.34,105.94,1115666
tap,2015-04-15,77.27,77.48,76.73,76.88,1004513
jnj,2016-12-05,112.4,112.42,111.73,111.94,5451568
ipg,2016-03-17,21.38,21.64,21.33,21.53,2532260
el,2014-06-05,76.41,76.81,76.1,76.6,1126371
ppg,2017-09-11,104.48,106.11,103.94,105.9,1038935
m,2014-12-12,61.77,63.15,61.5,62.36,5831258
apc,2015-04-14,89.65,90.91,89.21,90.83,4113429
atvi,2014-01-30,17.04,17.36,16.93,17.26,5021519
ipg,2014-11-13,19.5,19.65,19.33,19.41,2398258
fmc,2014-08-25,65.75,65.832,65.37,65.53,852587
brk.b,2016-04-29,145.4,146.22,144.52,145.48,3895593
ci,2016-01-04,144.71,146.87,144.09,146.55,1461652
dal,2017-02-08,48.26,48.3,47.7338,48.1,5342581
pwr,2014-01-13,31.76,31.78,30.995,31.15,1380130
duk,2014-05-01,74.6,74.78,73.7201,74.58,2267572
cnc,2016-12-07,56.69,57.01,55.25,56.73,4578159
amt,2017-08-15,139.66,140.16,138.921,139.69,1386099
pbct,2016-03-21,15.82,16.13,15.82,16.13,2869395
zion,2015-11-10,30.43,30.79,30.2,30.78,2040645
vz,2015-08-20,47.05,47.39,46.88,46.88,13785851
mlm,2016-06-23,185.73,187.955,184.92,187.95,724045
axp,2014-08-08,86.09,87.51,85.91,87.47,4206909
adbe,2016-06-16,96.5,97.3,95.5436,97.19,1952549
zbh,2015-05-07,110.38,111.33,110.07,111.04,1668309
ph,2014-01-30,114.58,115.04,114.18,114.55,1321233
fox,2017-11-16,27.56,28.74,27.56,28.6,3400750
nwl,2016-12-19,46.16,46.39,45.485,45.7,3589163
jwn,2014-02-06,57.36,59.03,57.31,58.7,1918792
cms,2014-02-14,28.16,28.54,28.07,28.53,1599397
bxp,2014-07-15,120.39,120.72,119.65,120.45,415030
dis,2014-08-06,86.18,87.62,86.17,86.59,9793689
dis,2014-11-14,90.68,90.85,90.38,90.8,4281140
amgn,2014-11-24,163.0,165.676,162.945,164.18,2193251
mu,2015-08-04,19.17,19.19,18.6,19.01,19934519
t,2015-01-20,33.87,33.96,33.55,33.95,20257864
cag,2017-09-12,34.69,34.99,34.525,34.82,2476065
swks,2017-06-01,106.79,107.68,106.25,107.68,1649429
flr,2016-06-13,51.8,52.11,50.855,50.91,1189674
cbs,2017-12-05,60.16,60.29,58.08,58.1,4501128
cme,2015-04-02,94.68,94.86,92.88,92.91,2052271
dgx,2016-12-15,90.7,92.08,90.49,91.98,991928
ulta,2016-09-19,233.78,236.24,233.0701,234.55,690963
eqr,2016-11-30,60.04,60.7,59.64,60.01,3672355
iqv,2015-08-05,77.85,77.95,77.12,77.32,1147919
aee,2014-04-15,40.92,41.755,40.92,41.75,2542425
emr,2017-10-25,66.74,66.95,65.8741,66.545,2217680
chtr,2016-02-24,172.83,175.81,169.69,175.79,2369874
ilmn,2017-08-14,195.01,195.93,193.66,194.8,658486
hsy,2016-09-19,95.89,96.21,95.26,95.45,1282636
el,2017-11-14,125.75,126.31,125.26,126.02,1431798
fdx,2015-07-02,170.2,171.35,169.95,171.13,1181990
cah,2015-06-09,88.6,88.99,87.505,87.66,2223311
amd,2016-05-17,3.8,3.98,3.69,3.79,20066139
nfx,2016-12-15,45.06,45.31,44.58,45.12,3481211
vmc,2016-08-17,117.87,117.87,114.54,117.61,1349126
alk,2015-04-15,63.2,63.7,62.01,62.02,1332112
swks,2017-11-10,110.69,111.48,109.95,110.41,1921682
xec,2014-03-06,112.88,113.715,111.79,112.09,1053449
ipg,2016-09-26,21.98,22.1,21.89,21.94,3984244
abt,2014-07-30,42.96,43.09,42.66,42.86,3563971
wat,2015-04-20,124.94,125.21,123.98,124.02,316141
re,2016-06-30,174.41,182.69,174.12,182.67,731936
kmi,2016-02-24,16.96,17.77,16.72,17.71,20362937
wyn,2014-02-06,69.94,72.49,69.94,72.38,1725963
stz,2015-09-29,125.79,126.48,122.351,123.5,1479739
fl,2016-07-25,59.24,59.51,58.93,59.23,1518159
arnc,2017-06-01,27.46,28.06,27.29,27.97,5645957
pfg,2014-09-24,53.55,54.3,53.45,54.29,801148
spgi,2017-04-03,130.48,131.72,128.66,129.35,1628138
blk,2016-01-06,327.28,331.9014,327.0,330.16,1138503
anss,2015-01-27,84.21,84.29,82.75,83.3,293448
alk,2017-01-25,93.55,94.17,93.07,93.38,700995
nsc,2014-05-27,99.84,100.0,99.58,99.81,1055165
sjm,2017-07-20,116.99,119.4,116.97,118.25,1622792
alb,2014-05-29,68.63,69.39,68.2,69.33,407393
nbl,2017-09-14,26.13,26.575,25.92,25.98,8439799
mlm,2015-04-20,140.56,140.99,139.39,139.97,662344
aes,2017-02-23,11.69,11.78,11.63,11.75,5074921
chk,2016-02-26,2.89,2.89,2.65,2.7,30763400
cost,2017-11-27,172.25,173.06,171.12,172.61,2346837
wmb,2015-02-19,49.21,50.69,48.43,49.41,13620587
swk,2014-06-03,87.08,87.2,86.48,86.63,555629
px,2016-04-29,113.67,118.35,112.14,117.46,1962633
cnc,2017-11-15,92.8,93.02,90.065,92.15,1276431
hcn,2015-07-16,67.7,68.0,67.07,67.53,2799244
abc,2016-04-26,91.73,92.0,91.13,91.28,1126704
rok,2017-12-14,192.57,193.81,189.35,189.45,629618
rhi,2017-08-14,43.82,44.2763,43.51,43.98,567964
dhr,2017-07-13,83.26,84.53,83.16,84.26,4126026
eqix,2017-07-12,433.25,439.94,430.97,437.11,437984
mo,2014-03-12,36.23,36.25,35.98,36.14,7222094
antm,2015-05-06,154.97,159.85,154.03,159.85,6746597
algn,2014-05-27,54.72,54.99,53.55,53.69,956032
hsy,2014-08-22,91.81,91.99,91.46,91.99,1069474
sjm,2015-11-19,118.07,123.98,116.42,121.28,3654432
bdx,2015-03-17,141.99,142.38,140.76,141.55,1849943
ayi,2016-12-12,247.84,248.92,245.0,248.32,512742
dfs,2016-11-28,68.15,68.49,67.63,67.75,2143808
dgx,2014-12-23,67.65,68.24,66.79,68.1,1504507
bk,2016-12-30,47.43,47.615,47.23,47.38,3604717
foxa,2015-10-15,28.79,29.3,28.46,29.26,11379931
andv,2015-07-09,92.68,94.07,91.69,93.41,3402289
pxd,2015-05-01,172.99,174.4,169.77,171.56,1345878
mkc,2016-07-20,105.34,105.34,104.0,104.03,506287
myl,2017-08-16,31.28,31.33,30.14,30.47,8994741
twx,2014-02-25,64.9,65.25,64.53,64.78,3880564
navi,2017-06-12,15.23,15.67,15.21,15.48,3164130
pcg,2017-04-03,66.33,66.6,65.795,66.54,1839092
aee,2015-04-10,41.88,42.29,41.69,42.12,954157
msi,2016-12-08,83.32,83.57,82.65,83.3,757530
rht,2015-06-19,79.4,81.49,78.5501,79.3,4648259
avb,2014-08-08,149.57,149.84,148.46,149.8,508130
cinf,2016-01-22,54.67,55.115,54.34,54.98,548029
k,2014-12-03,66.41,66.62,66.04,66.38,1774781
eog,2014-12-17,87.61,92.21,86.11,91.14,10269454
alle,2014-06-03,51.3,52.74,51.3,52.41,451861
cma,2015-07-16,50.5,50.76,50.18,50.47,2256314
regn,2014-01-22,296.66,298.73,292.0,295.38,591059
ebay,2016-10-06,32.12,32.21,31.86,32.13,5676706
apa,2016-07-08,55.7,55.99,54.68,55.17,2592281
mgm,2016-01-29,19.47,20.17,19.44,20.08,8811566
glw,2017-02-16,27.4,27.88,27.38,27.71,9934879
ads,2017-04-13,238.62,238.98,234.78,234.91,484533
wfc,2015-06-22,57.58,58.04,57.53,57.91,15111198
tap,2016-11-02,104.88,105.19,103.55,103.65,2462004
amzn,2014-10-20,302.95,306.53,302.02,306.21,3239490
hes,2017-03-02,51.25,52.2,51.23,51.76,3664109
mat,2015-03-20,23.9,24.04,23.675,24.0,11444295
wmt,2014-04-14,76.94,77.55,76.79,77.38,5375940
ea,2014-04-09,28.69,28.89,27.26,28.16,6942150
csx,2015-03-18,34.5,35.19,34.3,35.06,5892293
kmi,2015-11-12,24.15,24.15,23.39,23.46,26245111
snps,2017-09-07,80.12,80.55,79.78,79.79,844713
jpm,2017-02-07,87.14,87.4,86.48,86.72,9392832
ame,2015-04-27,52.44,52.66,52.16,52.25,930250
stx,2015-04-27,58.35,58.49,57.7,57.915,2214774
chd,2016-06-03,49.6,49.79,49.27,49.44,1313336
dis,2015-02-03,92.43,94.11,92.19,94.1,12329105
amg,2016-11-14,146.24,149.125,142.645,143.44,783943
cof,2016-02-12,61.21,62.84,60.62,62.54,5527960
mhk,2014-04-03,138.49,138.49,135.41,136.07,837742
orcl,2016-06-30,40.48,41.155,40.47,40.94,20100918
mmc,2017-08-14,77.42,77.9,77.42,77.77,856587
pep,2016-10-28,106.9,107.53,106.52,107.07,3378934
wat,2016-06-21,136.68,137.26,135.75,136.1,269277
alle,2015-10-01,57.95,58.585,57.07,58.56,704807
nwsa,2016-03-01,10.9,10.94,10.69,10.77,4231932
gpn,2016-08-08,74.6,75.18,73.74,73.94,980316
mpc,2014-05-30,44.755,45.0,44.375,44.695,4271620
ads,2017-06-13,245.5,249.07,245.5,246.29,628664
grmn,2017-06-20,51.61,51.9,50.97,51.36,817005
mat,2014-08-22,35.41,35.5,34.96,34.99,2479066
rht,2017-04-21,87.37,87.68,86.94,87.02,941721
trow,2016-11-04,63.67,64.3,63.42,63.7,1645547
ntrs,2017-11-27,94.19,95.16,93.88,94.11,728178
xom,2017-10-23,83.15,83.76,83.0401,83.24,9829896
apd,2014-10-16,125.23,129.21,124.5559,127.71,3022829
amg,2017-07-24,178.0,180.17,178.0,179.05,242234
key,2016-01-28,11.13,11.25,10.955,11.08,13991205
dlr,2017-01-23,105.7,106.39,105.52,106.05,990314
fis,2014-06-12,54.2,54.2,53.42,53.66,685522
ppg,2014-07-25,105.0,105.25,104.265,104.435,629478
mro,2016-12-14,18.59,18.95,18.16,18.2,21318969
rmd,2014-05-02,49.73,50.01,49.43,49.89,816527
luk,2016-11-02,18.5,18.5,18.31,18.32,1365418
ibm,2017-05-16,151.66,153.99,151.66,153.68,5513690
fisv,2016-05-02,97.6,99.27,97.6,99.1,795645
ess,2015-08-28,220.01,220.91,215.58,220.66,303796
apd,2015-11-02,138.87,139.99,138.27,138.56,1256515
slb,2014-08-06,106.44,108.9,106.3,107.57,5352929
exr,2016-10-25,74.95,75.48,74.525,75.28,544400
aee,2015-02-03,45.34,45.66,45.2,45.43,2234554
pkg,2015-09-24,61.91,62.01,60.06,61.0,795515
ipg,2017-03-24,24.28,24.375,24.02,24.16,2889940
dps,2015-05-12,75.96,75.98,75.3,75.76,802047
swk,2016-04-28,112.27,113.49,111.81,112.41,1188860
bby,2016-02-22,30.04,31.2,30.035,30.73,5461197
slg,2014-08-13,108.12,110.18,108.12,110.07,804186
ipg,2015-03-10,21.71,21.77,21.56,21.68,2856733
mlm,2017-10-24,214.06,217.98,213.03,216.59,527933
cah,2017-12-14,61.295,62.09,60.34,60.35,3249055
exc,2014-05-02,35.98,36.29,35.36,35.84,10117056
usb,2014-11-12,43.86,44.0,43.69,43.94,4970589
bll,2014-09-24,31.885,32.125,31.814,31.985,1219014
nflx,2014-11-20,51.8699,53.3228,51.5714,52.5914,15425431
len,2017-01-05,42.9216,43.5882,42.8931,43.549,1975451
gpn,2014-11-13,42.12,42.17,41.84,42.04,1296242
adm,2014-06-12,44.54,44.65,43.41,43.47,3651348
cof,2017-05-24,80.35,80.35,79.75,79.92,1583976
xl,2017-04-18,40.45,40.66,40.28,40.38,1195148
rmd,2015-01-26,65.17,67.32,65.05,67.17,2723768
ajg,2017-10-12,61.77,62.135,61.75,62.04,470295
aes,2015-03-27,12.48,12.63,12.39,12.48,3532781
bmy,2017-01-25,49.34,49.57,48.8,49.55,15978452
vrsn,2015-05-19,64.61,64.84,64.1401,64.31,548668
abt,2015-02-27,47.48,47.88,47.37,47.37,5805846
tsco,2015-06-12,89.33,90.49,89.33,90.19,780141
hsic,2016-08-05,82.265,83.59,81.79,83.48,3188374
iff,2014-04-09,93.2,94.47,92.9,94.33,409325
hst,2015-02-10,23.05,23.19,22.85,23.14,6250967
eqr,2014-01-22,54.44,54.86,53.95,53.98,2342843
dte,2015-08-04,80.07,80.33,78.97,79.09,1022366
uri,2014-02-18,83.99,85.6,83.99,85.11,1449930
rost,2015-01-15,46.005,46.91,45.53,45.57,3435000
ice,2016-09-16,56.14,56.412,55.84,56.3,3187130
cop,2014-04-29,74.99,75.34,74.67,74.68,5293717
bsx,2015-01-29,14.57,14.915,14.53,14.85,10214116
pxd,2016-04-22,151.74,155.44,151.29,153.15,2247849
ess,2017-05-02,248.08,249.9,247.05,248.55,337485
ads,2017-12-13,237.5,238.31,233.29,234.0,589058
fis,2017-09-06,92.39,92.61,91.86,92.47,966534
hig,2016-10-11,43.56,43.82,42.945,43.19,2644750
sbux,2015-04-15,48.81,48.81,48.13,48.14,5162169
dov,2014-11-05,80.32,81.43,79.15,81.25,3722545
abbv,2015-11-05,63.7,64.18,61.69,62.77,10237219
txn,2015-05-14,55.12,55.86,55.0,55.605,4109316
aet,2015-07-21,111.5,112.56,109.11,111.55,3933687
wrk,2017-10-27,60.56,60.86,58.63,60.83,2023945
hrs,2014-04-15,69.69,70.57,69.02,70.47,566047
pgr,2014-07-08,25.07,25.2,25.015,25.17,3764771
hog,2015-02-24,62.39,62.47,61.87,62.28,2278395
pcg,2017-07-11,65.2,65.37,64.84,65.05,1707079
unh,2015-12-15,116.87,118.5,116.66,117.61,3124083
ajg,2014-12-15,47.16,47.57,46.42,46.57,589998
dgx,2017-05-19,105.86,106.17,105.28,105.89,823295
ffiv,2017-03-30,141.72,142.9,141.556,142.48,507910
hal,2015-03-24,42.56,42.89,42.28,42.53,8374534
pcg,2016-08-29,62.14,62.71,62.14,62.36,3541238
wfc,2016-12-19,55.18,55.47,54.65,55.22,16801429
rcl,2016-11-01,77.11,77.78,74.62,76.22,3859222
bbt,2014-11-03,37.94,38.09,37.71,37.89,4552694
biib,2015-04-27,401.75,403.45,388.08,389.27,3431994
itw,2016-05-19,102.58,103.3,101.68,102.76,1233806
syf,2015-02-25,32.33,32.59,32.1,32.29,672495
myl,2015-02-18,56.65,56.72,56.04,56.55,1890694
lrcx,2017-05-03,149.55,150.3,148.52,150.08,1937764
eqr,2017-07-17,65.47,66.415,65.27,66.25,1212197
anss,2017-06-07,128.93,129.26,127.74,128.34,489142
unp,2015-02-19,122.85,123.82,121.84,121.96,2600707
pcln,2017-09-27,1831.53,1834.77,1814.11,1818.99,440970
lb,2014-08-29,64.04,64.24,63.71,63.85,910408
txn,2017-10-27,95.94,97.56,95.71,97.5,5725272
txt,2015-05-08,45.21,45.45,45.0,45.19,1781508
k,2017-11-10,63.04,65.19,62.91,64.7,6215498
amt,2015-06-30,93.65,93.83,92.97,93.29,2034214
cmcsa,2015-12-16,29.12,29.4325,28.91,29.35,33482138
pnr,2016-05-05,57.32,57.606,56.72,56.9,1037743
ibm,2014-02-14,181.26,184.43,180.99,183.69,4665873
mac,2015-05-12,81.37,81.86,80.84,81.8,1388424
dfs,2014-07-18,64.25,64.25,63.46,63.81,2338921
aep,2016-09-02,64.57,65.37,64.48,65.24,2209510
trip,2014-03-14,102.82,105.29,102.23,102.95,1621314
alle,2014-06-02,52.77,52.77,52.04,52.07,646459
ice,2017-11-28,68.08,69.44,67.69,69.35,2729552
cah,2015-04-22,90.46,91.62,90.31,91.5,1788974
kss,2017-09-22,44.98,46.12,44.74,46.07,3784632
whr,2014-05-05,152.01,153.78,151.0401,152.49,487114
eqt,2017-05-31,55.29,55.73,54.73,55.27,2615850
utx,2017-01-25,111.87,112.51,108.78,110.96,5054022
ctsh,2016-12-15,56.3,57.0,56.0,56.8,3865519
aiv,2017-04-18,44.54,44.85,44.49,44.72,1543465
adbe,2015-07-22,81.38,81.75,80.651,80.73,2601230
vno,2016-01-20,90.24,90.87,86.73,88.44,1255000
ma,2014-07-30,76.07,76.29,75.45,75.91,5521809
etfc,2015-04-29,28.43,29.26,28.31,29.2,4232498
bax,2016-10-26,49.13,49.19,47.3,47.44,6697618
m,2015-12-31,35.27,35.55,34.95,34.98,4673398
pnw,2015-05-20,60.82,61.47,60.66,60.96,604209
tel,2015-08-19,62.12,62.9,61.62,62.38,1628040
aee,2016-08-31,49.33,49.52,49.15,49.42,1449413
jwn,2015-02-19,78.28,78.63,76.82,77.14,3920320
ice,2017-04-04,59.4,59.61,59.11,59.41,2445652
hii,2016-10-17,156.95,159.57,156.76,159.27,273701
cf,2017-10-11,34.5,34.955,33.9499,34.91,5852078
mtd,2015-11-24,337.56,340.52,334.93,340.15,183004
gis,2014-09-25,50.49,50.49,49.93,50.12,4126491
rok,2014-11-14,108.2,110.26,107.7,110.12,960728
rcl,2015-08-31,88.1,88.94,87.46,88.16,1630733
xray,2017-12-05,65.79,66.2599,65.47,65.61,1509488
tap,2015-12-30,95.02,95.034,94.19,94.54,808057
nbl,2015-03-31,48.26,49.72,48.23,48.9,4132257
vrsk,2014-10-01,60.68,60.81,59.97,60.11,617680
hsic,2016-08-08,83.47,83.765,82.55,83.01,1867950
a,2017-11-02,68.08,68.38,67.81,68.13,1856865
pbct,2016-07-05,14.46,14.55,14.22,14.39,4373533
hsic,2016-07-19,90.305,90.6264,89.66,90.255,492678
mas,2016-01-11,25.57,25.82,24.87,25.15,7066470
jnpr,2014-04-23,25.4,25.41,24.45,24.86,18234573
ea,2015-03-18,54.23,55.79,54.02,55.625,7022988
ci,2016-04-25,141.5,141.77,140.24,140.25,788268
msft,2014-03-10,37.99,38.01,37.72,37.82,19007850
dhr,2017-05-30,84.19,84.95,83.91,84.81,2426407
ntrs,2017-09-07,86.86,87.24,85.82,86.84,2000920
gpn,2015-08-17,58.16,58.7875,57.75,58.61,654836
blk,2017-06-23,424.35,426.13,420.26,421.62,811765
mar,2014-07-07,65.5,65.88,65.36,65.87,1488158
nlsn,2015-10-30,47.78,48.23,47.31,47.51,2010559
lnc,2017-10-23,75.75,76.32,75.245,75.62,1105581
ice,2016-08-15,55.934,56.064,55.732,56.004,2393630
mkc,2016-09-06,101.86,102.22,101.28,101.98,345698
nfx,2014-01-14,25.18,25.4,24.43,25.0,3563878
brk.b,2014-11-28,148.55,149.49,148.37,148.69,2282000
etn,2015-04-30,68.41,69.41,68.25,68.73,3521370
amt,2017-11-15,149.55,149.84,146.8,148.93,1631512
adp,2015-03-02,88.88,90.23,88.58,90.18,1771365
gm,2014-05-07,34.96,35.11,34.61,35.07,9271172
luv,2014-07-17,27.59,27.99,27.58,27.81,4957126
jci,2016-08-22,46.9005,47.068,46.2932,46.4293,2831819
cl,2014-02-21,61.96,62.535,61.53,61.56,3166713
omc,2015-07-27,71.59,72.0,70.98,71.47,1662247
vrsk,2014-02-26,67.18,67.48,63.71,63.78,1278489
rmd,2016-01-20,53.0,54.11,52.37,53.76,2601530
wmt,2014-01-24,74.73,75.12,74.23,74.42,9455979
amg,2016-05-24,166.16,171.63,166.16,170.66,514941
mco,2017-11-21,149.0,149.63,148.77,149.46,804906
px,2017-10-12,140.53,141.98,140.35,141.87,880849
aal,2014-06-24,44.14,44.61,42.76,43.179,13252583
adm,2014-01-27,39.88,40.17,39.28,39.36,5665785
googl,2016-01-14,724.44,739.89,705.0,731.39,2777868
nvda,2014-10-27,18.47,18.56,18.27,18.49,3627782
gpn,2016-04-29,72.65,73.08,71.67,72.18,2355872
syf,2017-04-05,34.24,34.36,33.14,33.26,5021029
ibm,2017-04-19,161.76,162.64,159.6,161.69,19284284
chd,2017-03-06,49.53,49.97,49.48,49.67,1897730
aee,2017-03-28,55.94,56.44,54.89,55.31,5066720
lrcx,2017-06-05,158.89,160.4975,158.07,160.29,1820294
mmm,2017-11-02,230.24,232.8,229.55,232.23,1609484
frt,2017-07-21,130.86,131.21,129.15,130.48,326577
ual,2015-12-31,57.23,57.5,56.72,57.3,3516041
sbac,2014-04-04,90.58,90.78,87.03,88.14,2976690
hst,2017-10-30,19.43,19.51,19.26,19.3,7293120
tjx,2015-12-10,71.03,72.22,70.84,71.48,3412576
hii,2015-09-21,112.6,112.6,110.34,110.83,280567
nsc,2015-06-26,89.09,89.63,88.5101,88.87,2984684
ph,2016-02-22,101.3,102.87,100.71,102.77,1335041
vlo,2014-04-01,53.59,55.755,53.48,55.51,8715395
rop,2017-02-13,205.91,207.38,204.63,205.74,573482
vrtx,2015-10-19,113.43,117.58,112.7572,115.88,1894538
pnw,2017-08-31,90.09,90.26,89.86,89.97,559309
bbt,2015-07-07,40.37,40.45,39.65,40.34,5020791
ilmn,2014-03-21,158.89,162.355,152.6,152.6,4519408
cbg,2014-08-13,30.83,31.17,30.8,31.08,1546671
mos,2015-05-14,45.54,45.63,45.12,45.56,3187377
stx,2016-06-10,23.79,23.93,23.11,23.14,5599269
eqr,2014-12-26,73.22,73.89,73.22,73.59,696067
aon,2015-06-11,102.41,103.3,102.26,103.19,942589
chrw,2015-05-15,64.55,65.0899,64.26,64.52,1043532
luv,2017-12-05,62.2,62.3,61.22,61.72,4509003
phm,2014-07-31,17.98,17.98,17.51,17.65,7394423
hum,2016-08-29,177.33,178.96,176.75,176.93,529350
aiz,2017-08-25,98.48,98.63,97.5,98.49,284003
aet,2017-01-05,124.25,126.25,124.25,124.51,2566374
nue,2016-06-13,50.73,50.85,49.965,49.98,2994660
luk,2015-11-17,18.42,18.53,18.04,18.11,2136473
fdx,2015-04-27,170.36,170.61,168.86,169.03,1472490
fls,2016-08-12,47.73,47.74,47.25,47.49,567900
frt,2015-05-26,134.46,135.345,133.8,134.55,444177
prgo,2014-08-14,145.41,149.77,145.15,149.29,2593036
rok,2016-07-11,116.47,118.0,116.15,117.51,890315
abbv,2014-07-15,54.52,54.69,53.39,53.44,16796769
bax,2015-06-25,71.3,72.54,71.15,72.34,9423492
jnpr,2015-11-05,31.69,31.8,31.26,31.4,3123985
ggp,2014-03-24,21.89,21.916,21.47,21.49,5176145
tif,2014-09-11,100.68,101.22,100.44,101.18,611492
cvs,2017-06-21,78.0,79.07,77.75,78.16,4777375
v,2014-10-07,52.7025,52.7725,51.9625,52.0125,8950228
cvs,2014-06-05,77.89,78.86,77.67,78.62,3309837
abt,2017-12-06,54.87,55.112,54.32,54.66,7828595
amp,2014-11-11,130.25,130.81,130.084,130.36,801067
unp,2017-03-01,109.04,110.65,109.04,110.11,4064942
duk,2014-06-13,70.43,70.99,70.05,70.83,2599858
mck,2014-01-10,175.63,175.86,174.32,175.44,1180767
cma,2014-11-26,48.54,48.84,48.43,48.55,688056
bf.b,2014-05-16,45.195,46.135,45.17,46.07,630260
lb,2017-06-07,50.34,51.24,50.17,51.17,2314748
amat,2016-04-21,21.09,21.24,20.85,20.945,8925869
hp,2016-05-03,61.84,62.27,60.64,61.68,2731657
ci,2014-10-23,92.53,93.11,92.03,92.27,874498
hrs,2017-02-15,107.47,108.09,107.11,107.32,1004509
alxn,2015-08-12,185.13,191.38,182.3,191.01,1815536
ups,2017-03-15,107.29,108.29,106.85,107.74,3253779
cag,2014-04-25,31.08,31.16,30.9,31.0,1833084
wfc,2015-02-26,55.22,55.35,54.96,55.15,13579108
dhr,2016-09-23,77.45,77.83,77.34,77.59,2796870
cvs,2016-07-25,95.75,96.22,93.73,94.04,7405196
scg,2017-06-12,68.84,69.28,68.28,69.11,1565946
ctsh,2014-04-11,47.68,48.491,47.27,47.31,2770108
ice,2017-03-09,59.53,60.45,59.46,60.06,5102383
l,2017-08-28,47.47,47.47,46.75,46.9,613316
aep,2017-06-21,72.6,72.97,72.2,72.4,6134947
nlsn,2017-10-06,40.95,41.16,40.85,41.15,1463472
aig,2017-03-07,63.69,63.76,62.655,63.45,8145609
wy,2015-10-13,28.55,29.12,28.54,28.88,3022538
nlsn,2014-06-05,47.29,47.49,47.22,47.4,1778134
hum,2014-10-03,128.09,129.57,127.47,128.92,982641
axp,2015-08-12,80.72,81.09,79.8001,81.0,6994329
syf,2017-05-09,28.44,28.53,28.02,28.1,8665684
ups,2014-01-21,100.46,100.59,97.54,98.57,5784928
luk,2016-06-08,17.95,18.15,17.82,18.01,1985581
afl,2014-07-03,62.85,63.55,62.75,63.29,1188340
var,2017-01-18,90.3,90.3,88.89,89.78,801152
zts,2016-02-04,41.15,41.95,40.93,41.54,3949771
are,2016-12-30,110.66,112.25,110.24,111.13,553141
amzn,2014-10-01,322.04,322.165,315.55,317.46,3096735
ntrs,2015-10-19,68.71,69.08,68.26,68.34,1487233
tmk,2016-09-29,63.82,64.05,62.97,63.23,374679
cl,2014-08-25,64.92,65.14,64.72,64.87,1556844
disca,2016-06-09,27.87,27.89,27.21,27.33,2757851
gt,2016-06-10,27.44,27.78,27.25,27.42,3331700
idxx,2014-08-13,63.42,64.0675,63.31,63.7925,524028
aig,2017-11-20,60.0,60.02,59.3,59.69,6349145
ma,2016-11-17,104.4,105.25,103.74,104.45,3096822
exc,2017-11-07,40.73,41.49,40.66,41.27,4183768
etfc,2016-10-18,28.56,28.69,28.325,28.42,2244930
gd,2017-04-19,187.84,188.24,187.03,187.75,1239830
dal,2014-02-24,31.92,32.7299,31.84,32.45,11242179
iqv,2014-01-13,48.66,49.93,48.4801,49.16,687778
orcl,2017-03-13,42.75,42.78,42.525,42.58,12440837
aig,2016-02-22,52.05,52.26,51.82,52.1,7219862
dhr,2016-08-22,80.79,80.98,80.53,80.93,1875081
phm,2015-11-03,18.32,18.68,18.11,18.46,5595177
nfx,2016-08-05,45.38,45.74,44.34,45.28,3671211
vz,2015-12-22,46.2,46.46,45.85,46.34,11181513
vtr,2016-01-22,54.78,56.35,54.43,55.5,3808712
wfc,2017-11-22,54.46,54.62,54.025,54.06,11421659
cmi,2014-05-21,147.88,149.03,147.07,148.99,728008
ph,2015-10-21,102.5,104.63,101.45,101.75,1989080
uaa,2017-01-27,29.13,29.37,28.81,29.13,2408741
nsc,2015-04-17,99.4,100.8,99.3,100.65,2682572
txt,2017-12-14,54.65,54.91,54.25,54.38,823903
iff,2014-06-26,103.68,103.855,102.8,103.51,192720
wy,2017-08-30,31.49,31.78,31.35,31.75,2417418
aig,2016-10-04,58.82,59.26,58.62,59.08,5990138
vlo,2015-07-06,64.14,65.7,63.6,65.34,7291301
wat,2016-08-24,161.66,162.32,157.716,157.99,736676
dri,2014-10-08,49.71,50.1,49.235,49.99,2129004
ftv,2017-05-05,62.86,63.16,62.48,63.14,595382
v,2014-10-10,51.9725,52.3925,51.245,51.245,11750448
gild,2014-10-28,113.25,114.13,112.26,113.45,16128673
cvs,2016-01-26,94.13,94.51,93.42,94.04,4528963
irm,2014-05-30,30.99,31.15,30.89,31.14,1499815
lnc,2015-06-29,59.31,60.13,58.62,58.65,1835032
intc,2017-07-07,33.7,34.12,33.7,33.88,18304460
cost,2016-03-14,152.26,153.3,151.65,152.67,1218407
orcl,2017-10-09,48.36,48.58,48.17,48.36,10173049
kmx,2015-07-27,63.05,63.17,61.625,61.96,2074699
ip,2014-02-13,48.29,49.21,48.27,49.1,2839371
a,2017-12-13,67.23,67.66,66.64,66.68,1684618
xl,2016-11-23,37.09,37.12,36.81,37.01,1210773
googl,2014-10-21,537.27,538.77,530.2,538.03,2460140
apd,2015-04-27,149.95,152.18,148.69,151.06,2014973
nlsn,2017-11-01,37.18,37.225,36.065,36.16,3434539
tap,2015-08-31,67.05,68.775,67.03,68.09,1813684
apa,2015-03-31,59.86,60.8225,59.75,60.33,2740806
psx,2017-03-28,77.41,78.11,77.085,77.92,2388518
are,2017-04-27,113.65,114.31,112.55,112.96,322015
txn,2015-07-14,49.39,50.0,49.31,49.76,6500064
mnst,2014-12-03,36.4766,36.52,35.2833,35.6533,7138557
sbac,2014-05-13,98.2,100.01,97.99,99.16,1222614
aiv,2014-08-19,33.71,34.02,33.63,33.89,1054908
cvs,2014-03-20,73.36,74.12,73.26,73.99,3550534
amzn,2014-02-12,356.43,357.75,346.32,349.25,6599199
stt,2014-10-09,71.82,72.084,69.1,69.11,4754223
ko,2014-07-01,42.39,42.45,42.15,42.29,11497697
pvh,2016-08-11,101.94,103.905,99.75,103.05,1540573
alle,2015-06-01,62.47,62.47,61.89,62.04,358139
hpe,2016-02-02,13.7,13.97,13.36,13.45,9677516
atvi,2014-01-31,16.98,17.36,16.92,17.13,8471463
aph,2016-10-19,65.0,65.33,64.12,64.71,2203945
fast,2014-07-10,48.18,48.8,48.09,48.155,4039183
ctxs,2016-01-26,66.41,68.4,65.7,68.19,1536954
mac,2017-07-17,58.74,59.44,58.39,59.05,1011939
hrs,2017-10-05,134.14,135.0,134.0,134.79,411714
frt,2014-10-06,119.45,120.155,119.01,119.78,244847
chd,2016-05-09,48.495,48.945,48.33,48.54,1678164
ndaq,2014-04-16,34.38,34.98,34.24,34.73,2141164
all,2017-03-21,82.46,82.7,81.59,81.69,2179342
wba,2017-08-28,81.32,81.68,81.01,81.16,3859569
rht,2016-02-09,60.42,62.87,60.03,61.6,2104112
ice,2016-04-20,48.54,48.6728,48.084,48.52,2620020
dte,2016-12-30,99.04,99.29,98.17,98.51,571441
intc,2014-02-26,24.74,24.98,24.61,24.8,19820163
cvs,2015-06-15,102.87,103.345,101.86,102.58,5501454
cog,2014-02-19,39.55,40.98,39.55,40.07,8361457
pfg,2017-08-10,65.56,65.61,64.42,64.43,1023176
dltr,2015-04-09,83.9,84.0,82.45,82.75,2589975
aee,2015-09-25,41.17,41.825,40.805,41.37,1716712
ndaq,2016-09-23,69.79,70.56,68.93,69.46,1030923
key,2016-10-24,13.1,13.25,13.09,13.1,12880843
pki,2014-11-12,43.83,43.93,43.64,43.78,483630
cog,2015-11-09,22.25,22.78,22.125,22.57,4184749
ame,2015-03-05,52.99,53.11,52.59,52.92,1278981
pki,2015-10-27,49.69,50.2,49.55,50.07,795246
de,2014-12-08,89.61,90.1,88.63,88.84,2000960
adsk,2014-01-24,51.65,51.65,50.25,50.44,4254062
ph,2014-03-19,119.92,120.92,118.69,119.66,770734
scg,2016-06-23,71.66,71.75,70.81,71.35,576930
navi,2017-11-02,12.11,12.42,11.91,12.36,6609544
ajg,2016-01-21,36.9,37.17,36.67,36.75,916530
omc,2014-10-07,67.38,67.4,65.92,66.0,2242374
blk,2016-03-11,330.0,340.185,326.65,339.65,905925
vrsk,2015-01-29,64.08,64.53,63.66,64.255,1008957
phm,2014-07-30,18.41,18.48,18.0,18.14,5278863
aep,2016-03-10,64.3,64.44,63.475,64.13,1951529
bf.b,2017-05-03,47.5,47.7,47.26,47.39,535108
kim,2016-03-28,27.83,28.03,27.785,28.01,2050266
anss,2017-05-01,110.4,111.2,109.94,110.9,348191
goog,2015-12-14,741.79,748.73,724.17,747.77,2421236
pki,2015-01-29,44.25,44.91,44.0,44.86,1382883
hrs,2017-03-08,109.73,110.15,109.3,110.03,759899
omc,2016-02-18,75.39,76.52,75.25,76.01,2036312
hrb,2015-07-22,32.15,34.62,32.01,32.87,5616522
kors,2017-07-20,34.87,35.14,34.715,35.02,839101
trow,2017-04-13,70.31,71.04,69.88,70.26,1744344
abt,2015-08-07,50.4,50.44,49.365,50.11,4351800
aep,2016-08-24,66.12,66.4699,65.76,66.34,1584100
hpq,2016-01-07,11.05,11.05,10.72,10.77,25487650
tdg,2017-05-18,241.86,248.24,237.54,247.8,1356318
key,2017-03-06,18.94,19.07,18.74,18.99,10382434
rjf,2017-10-30,84.91,85.55,84.68,85.01,618152
mcd,2014-05-15,102.78,103.0,102.15,102.5,3810901
d,2015-12-04,65.54,66.69,65.44,66.6,2828075
nee,2017-08-01,146.95,147.33,146.08,146.75,1478948
aiv,2016-06-20,41.84,42.19,41.43,41.51,1119255
wmt,2016-07-14,73.79,74.11,73.61,73.7,6646403
cbs,2017-11-14,55.92,56.75,54.7,56.41,23062473
intu,2014-02-10,71.54,71.57,70.99,71.45,1774811
fb,2017-05-24,148.51,150.23,148.42,150.04,17940668
ebay,2017-10-12,38.31,38.5,38.055,38.09,10045740
xray,2014-02-11,45.71,46.44,45.42,46.28,818041
fl,2015-07-10,69.5,69.82,68.66,69.56,1300247
mas,2017-06-05,37.64,37.73,37.26,37.27,1609470
nclh,2017-06-20,53.51,53.92,52.95,53.1,1091471
pgr,2016-12-06,33.34,33.59,33.33,33.44,7083062
aon,2014-07-31,85.59,85.9,84.32,84.36,1595103
pvh,2017-06-29,113.6,114.52,112.74,113.78,1086520
slb,2016-04-13,75.98,77.55,75.7,77.37,8647454
pcln,2015-12-11,1290.53,1299.74,1282.19,1285.33,535879
cboe,2015-09-10,64.58,65.65,64.408,65.4,533595
ko,2014-03-25,38.49,38.8,38.46,38.62,16898937
ups,2015-09-02,96.24,96.73,95.18,96.71,3578934
mgm,2015-04-29,21.48,21.73,20.88,21.11,19828765
sna,2015-11-30,172.46,173.14,171.48,172.16,413366
vfc,2015-12-01,64.78,65.66,64.45,65.6,1676685
cah,2014-05-15,64.97,65.18,64.65,64.93,1513697
c,2017-05-11,60.25,60.915,59.92,60.7,16314044
afl,2016-11-09,70.44,72.07,69.85,71.6,2518511
csra,2017-07-31,32.84,32.94,32.39,32.61,463583
ulta,2016-12-08,254.57,256.63,253.17,253.29,736032
ulta,2015-06-03,154.51,157.0,153.6732,156.26,905274
apa,2015-01-06,59.74,61.23,58.73,59.26,4555589
gww,2015-10-27,204.22,205.496,202.13,202.46,831355
mar,2014-08-27,69.04,69.21,68.78,68.88,1421409
itw,2015-12-31,92.79,93.42,92.41,92.68,1071056
hum,2014-05-29,124.89,125.35,123.55,124.56,814043
gpn,2014-02-06,32.045,32.5249,32.045,32.49,836168
sbux,2015-09-25,58.92,58.96,57.74,57.99,10627026
blk,2016-08-04,367.67,369.16,365.65,366.25,453224
cci,2014-03-14,75.01,75.8599,74.88,74.94,1227753
wynn,2016-12-20,90.33,91.06,88.0,88.31,4095955
nwsa,2015-02-11,16.77,16.87,16.665,16.76,3838347
abbv,2014-02-03,49.4,49.49,47.06,47.35,10315368
scg,2017-02-08,69.61,70.315,69.61,70.25,525682
mck,2015-09-24,196.78,198.11,193.49,197.24,1401511
grmn,2017-12-27,59.34,59.74,59.28,59.46,403798
whr,2014-04-30,152.17,153.59,151.4738,153.38,585907
pvh,2014-10-02,120.2,122.19,119.4,121.93,575418
esrx,2016-06-10,76.11,76.53,75.59,75.91,3627398
kss,2014-06-05,54.33,54.36,52.96,53.69,2470377
abt,2017-01-20,40.51,40.77,40.345,40.46,5908000
cinf,2016-06-10,70.37,70.73,70.0,70.47,524531
it,2015-11-17,86.07,86.85,85.79,86.14,266008
sna,2015-06-17,158.05,158.43,156.79,157.99,186144
ual,2014-04-02,47.01,48.2,46.95,47.23,3946326
yum,2015-12-16,73.1,73.75,72.09,73.54,3172549
slb,2017-07-13,65.47,66.54,65.44,66.49,6252255
sbac,2015-03-27,119.24,121.08,118.61,120.74,1318234
bax,2014-03-25,67.02,68.42,66.96,68.39,4171181
sbac,2016-09-14,109.29,109.62,107.92,108.73,916447
etr,2016-03-07,74.0,74.59,73.58,73.94,1185782
gpc,2014-09-24,87.64,88.93,87.64,88.72,441852
gild,2015-02-25,104.84,105.0,103.8997,104.43,7270157
bk,2014-08-06,38.75,39.51,38.69,39.33,4988210
gm,2016-12-19,36.49,36.73,36.15,36.4,10960811
avgo,2016-03-01,135.37,138.64,134.62,138.43,4490578
ess,2015-12-10,230.33,231.59,228.8,229.43,292594
wdc,2015-11-13,62.05,62.72,60.12,60.23,3633734
xyl,2017-02-08,47.16,47.22,46.86,47.0,1608642
fmc,2016-05-12,48.06,48.64,46.86,46.99,1970398
tmk,2014-03-17,52.2267,52.5134,52.08,52.2534,595451
iff,2014-07-17,103.89,104.4,103.25,103.42,306546
luv,2017-08-08,55.31,55.45,54.58,54.81,5306840
lnt,2017-05-24,41.0,41.27,40.985,41.12,1742257
cb,2017-03-15,137.93,138.55,137.2827,138.26,1421960
exc,2014-05-27,34.67,35.95,34.66,35.38,13649702
hum,2014-10-28,131.14,134.905,130.515,134.73,806795
frt,2016-05-13,156.22,156.22,153.51,155.25,384404
tmo,2015-10-01,122.7,123.06,121.0,122.1,2043061
mcd,2017-04-25,138.14,141.99,137.1836,141.7,10893766
tsn,2014-02-21,39.295,39.32,38.475,38.91,3838294
o,2014-10-06,41.13,41.5399,41.1,41.28,1542861
mas,2015-10-01,25.35,25.72,25.09,25.67,6767171
hal,2016-01-13,31.92,32.09,30.39,30.46,16443776
stz,2016-01-04,141.03,141.08,138.45,140.69,1765911
omc,2017-03-23,84.65,85.4,84.24,84.52,1383420
nue,2015-09-22,39.49,39.78,38.7278,39.13,2467199
celg,2016-04-12,103.33,105.7999,103.14,105.26,3996798
mtd,2014-10-03,252.75,254.05,251.56,252.34,118356
mgm,2016-11-08,27.28,28.3,27.28,28.0,13466826
ilmn,2016-06-28,136.41,138.9,133.58,135.01,1168377
wmt,2015-07-30,72.03,72.53,71.7803,72.16,4604530
adp,2016-07-14,95.75,95.78,95.01,95.21,1330874
ksu,2015-12-11,74.22,75.68,74.0,74.63,1891728
cvs,2017-07-06,79.81,79.93,78.66,78.71,4425526
avb,2014-05-13,139.96,141.29,138.84,139.14,583980
etr,2017-06-08,80.25,80.3,78.875,79.31,1486825
ads,2014-09-05,261.51,263.98,260.93,261.97,515290
eix,2017-01-19,72.1,72.55,71.54,71.72,1219056
ups,2015-08-12,102.56,103.12,101.55,102.82,3868595
alxn,2014-04-08,146.52,149.17,143.37,147.66,2032625
antm,2017-12-13,229.74,232.95,228.36,232.06,2604697
holx,2017-10-27,37.13,37.43,36.89,37.24,2953423
reg,2016-12-06,66.39,66.85,65.81,66.01,954055
holx,2017-03-29,42.41,42.75,42.31,42.63,2995751
sig,2015-10-23,148.32,148.43,144.44,144.76,1135573
ilmn,2015-04-22,198.78,199.48,187.45,190.04,4836282
cvs,2017-05-08,80.88,81.3168,80.81,81.05,2846270
ayi,2015-10-26,209.53,209.98,205.408,207.8,380072
hog,2017-03-28,60.08,60.98,60.08,60.69,880695
etn,2014-04-17,73.53,74.26,72.99,73.82,2757117
navi,2015-12-09,11.69,12.14,11.66,11.74,3540233
kmx,2015-02-05,64.66,64.98,64.24,64.53,1384175
hii,2014-11-07,106.0,107.02,105.5,106.83,546056
mtd,2015-05-22,330.44,331.55,328.6,330.59,110284
vz,2014-11-06,50.37,50.38,49.67,50.28,13293223
pnr,2015-04-01,62.71,63.48,61.975,62.99,1130752
aap,2016-01-28,152.96,153.7,145.67,148.56,1002058
amd,2016-11-08,6.85,7.18,6.75,7.0,37728535
bwa,2015-05-14,61.5,61.75,61.26,61.66,937559
low,2016-12-13,74.87,75.19,74.37,74.65,6357703
cvs,2014-08-04,76.52,77.48,76.5,77.37,4397714
rost,2015-01-28,47.445,47.995,46.81,46.83,2098378
msft,2017-01-31,64.86,65.15,64.26,64.65,25270549
spg,2017-12-14,166.57,167.78,165.29,165.63,1342814
slb,2017-08-23,63.1,63.5,62.87,63.19,4433403
bax,2016-07-13,47.13,47.22,46.74,46.82,2485229
cat,2014-05-13,106.5,108.21,105.82,107.15,3951489
aal,2014-07-07,41.72,41.72,39.92,40.1,14227133
wfc,2016-10-27,46.42,46.81,46.26,46.41,25661020
amp,2014-03-27,108.33,109.0,106.85,107.02,1137791
rcl,2017-04-28,106.32,110.6,105.42,106.6,6738330
sni,2016-04-08,65.42,66.01,64.8,65.18,844634
eqt,2015-06-23,82.1,84.31,81.86,84.14,1506590
dps,2015-03-16,76.91,77.68,76.83,77.27,1523060
iqv,2016-03-04,64.72,66.0,64.27,65.44,779638
bwa,2014-11-19,57.19,57.215,56.43,57.09,2178420
whr,2014-02-14,138.41,140.38,137.62,138.56,1381049
o,2017-09-18,59.82,59.99,59.28,59.56,1284752
ma,2017-09-05,132.84,132.93,131.68,132.66,2763402
nke,2014-02-20,37.495,37.875,37.43,37.79,5581594
cb,2016-02-23,116.63,116.74,115.49,115.7,1316790
dhr,2017-04-03,85.66,85.945,85.08,85.48,2563353
pdco,2015-08-24,47.08,48.84,45.8,47.79,1675640
stt,2016-05-18,59.69,61.63,59.33,61.5,2352630
dltr,2015-11-25,74.5,76.0,74.21,74.93,3657409
chrw,2014-09-17,67.41,68.22,67.25,68.08,1308803
cbg,2014-08-05,30.98,31.01,30.44,30.59,2410578
sti,2016-11-04,44.96,45.445,44.49,44.87,2519413
stx,2014-01-06,56.74,57.57,56.55,56.95,3258094
nvda,2017-10-04,179.62,181.77,178.14,180.87,10696220
jci,2017-04-20,41.52,41.94,41.39,41.73,2947836
amg,2015-02-24,216.54,219.84,216.54,218.12,416982
irm,2015-07-01,30.95,31.6,30.89,31.48,2319338
stt,2016-04-20,60.56,61.81,60.1801,61.75,2436887
adp,2017-11-13,110.98,112.055,110.55,111.53,3716817
ctl,2017-05-11,25.1,25.13,24.44,24.44,8698798
cms,2014-01-02,26.8,26.8,26.205,26.3,2218229
kss,2016-10-19,42.69,43.85,42.38,43.83,2731428
intc,2015-02-27,33.63,33.64,33.21,33.25,24427300
cag,2016-09-19,43.32,43.4,43.0,43.2,2978403
mdlz,2017-06-05,47.15,47.2,46.805,47.0,6341918
regn,2017-10-31,407.4,409.945,400.19,402.62,1051225
amzn,2015-09-02,505.09,510.86,497.72,510.55,3707116
syy,2015-11-16,39.97,40.62,39.87,40.59,3517548
rrc,2014-09-16,72.61,73.72,72.2,73.33,2132920
tmk,2014-08-04,52.87,53.43,52.72,53.3,622114
lnt,2015-10-14,29.775,30.015,29.725,29.765,1248660
chk,2015-03-11,14.02,14.43,13.94,14.29,31401470
mtb,2014-12-10,126.75,127.59,123.0,123.27,1156054
mac,2015-04-14,81.9,82.59,81.09,81.12,1620963
t,2014-09-30,35.26,35.3975,35.1,35.24,20024720
dvn,2017-05-18,37.0,37.5,36.76,36.9,5053665
dg,2014-05-06,56.79,57.45,56.4,56.92,4453158
abc,2015-04-07,112.91,113.49,112.45,112.68,1189853
mmc,2016-12-16,68.35,68.96,68.1,68.46,4240768
gww,2017-05-04,191.44,191.99,185.8,187.54,1147806
vmc,2014-12-31,66.52,67.42,65.64,65.73,680703
fcx,2017-06-26,11.9,11.96,11.73,11.82,13970151
dfs,2017-03-10,71.66,71.86,71.01,71.52,1631714
wm,2016-06-10,62.62,62.92,62.4,62.62,1225411
hlt,2017-03-03,57.72,57.785,56.47,57.75,3303351
fbhs,2014-07-30,37.33,37.55,36.98,37.24,2723343
cat,2016-08-16,84.21,84.36,83.64,84.29,3161753
aep,2017-08-01,70.98,71.05,70.32,70.88,1879494
hig,2014-09-22,37.65,37.67,37.28,37.33,2879131
ulta,2014-01-28,82.7,84.41,82.7,84.25,995776
aee,2015-02-06,44.89,44.89,42.67,42.89,1977761
cop,2015-09-29,46.28,46.6929,45.72,46.57,7977997
trip,2016-10-13,62.66,62.66,61.75,62.24,1737510
algn,2014-07-11,54.57,54.8,53.46,54.09,779923
vrtx,2014-02-20,83.07,84.46,81.86,84.01,1234439
oxy,2017-04-10,63.29,64.44,63.24,64.14,4063136
rf,2014-10-10,9.71,9.85,9.59,9.59,15840323
swks,2014-10-09,54.03,54.25,52.15,52.23,2926148
bdx,2016-12-28,167.22,167.27,165.25,165.87,463184
lh,2017-04-18,141.81,142.49,141.09,142.19,511355
swks,2016-07-15,67.72,67.74,67.02,67.39,1791446
cbg,2017-05-09,36.42,36.46,36.11,36.26,1345814
ivz,2017-01-12,30.89,31.15,30.46,31.05,2984667
nws,2015-04-14,15.97,16.03,15.84,15.85,878925
ccl,2014-01-30,39.99,40.22,39.73,40.04,2034379
aep,2016-04-20,65.86,66.11,63.56,63.7,4650565
lmt,2015-10-23,218.0,219.42,217.23,219.32,1280865
awk,2017-03-29,77.07,77.35,76.47,77.17,1035917
lb,2017-02-07,59.37,59.61,58.2,58.28,2350151
exr,2014-09-04,53.88,53.99,53.51,53.71,457597
cag,2014-09-15,32.33,32.375,32.14,32.35,3597611
unm,2014-12-01,33.02,33.07,32.6,32.93,1855202
xel,2014-03-25,29.81,30.11,29.62,30.02,2629916
navi,2017-04-04,14.67,14.825,14.54,14.73,2203684
syk,2015-02-04,93.06,93.51,92.25,92.47,1557673
hbi,2017-03-30,20.92,20.97,20.61,20.71,2917959
antm,2016-01-13,135.62,137.17,133.08,134.14,2171298
cah,2016-06-30,77.36,78.17,76.97,78.01,2992890
vfc,2017-10-12,64.37,64.59,63.995,64.44,1889101
biib,2017-02-03,264.98,266.0,261.76,264.67,1537510
ilmn,2015-04-14,190.16,191.41,187.02,188.16,768312
cost,2015-09-25,145.95,146.9,145.01,145.55,1845691
mar,2014-07-30,66.22,66.47,64.36,65.41,3930702
myl,2017-12-06,37.1,37.43,36.59,36.99,5686653
amgn,2015-09-24,144.72,145.63,141.36,143.51,3519203
stt,2016-07-06,52.05,52.19,51.22,52.12,3997466
rrc,2017-04-04,28.97,29.79,28.7,29.76,5869636
peg,2015-08-31,40.36,40.49,39.64,40.25,4389119
mtd,2016-05-16,368.21,371.98,366.65,369.89,154322
msi,2017-08-21,86.71,87.64,85.68,87.2,1406849
hca,2017-03-02,87.72,88.16,87.29,87.34,1290719
ben,2016-12-16,39.6,39.93,39.195,39.28,4152778
met,2016-10-19,46.98,47.16,46.63,46.85,5998953
ci,2015-10-21,142.93,143.14,128.02,136.61,3515943
uri,2015-12-23,72.78,75.09,72.505,74.82,2115270
zts,2014-11-18,44.879,44.94,43.03,44.19,12181375
ci,2016-05-04,136.94,137.74,134.71,135.3,1038495
alxn,2017-05-25,104.36,104.49,98.4,98.5,8367992
hii,2015-03-09,137.66,140.38,136.842,139.29,362893
pm,2016-03-04,93.29,94.9066,93.25,94.49,5729294
bwa,2017-09-06,46.26,46.5,45.69,46.42,1458766
pcln,2017-09-26,1835.45,1843.42,1820.22,1825.92,452741
hon,2017-02-27,124.6,125.1,124.24,124.89,4086604
mchp,2017-01-17,66.02,66.126,64.68,64.95,1485877
sna,2015-05-27,156.65,157.85,155.815,157.51,165214
ca,2016-06-13,32.83,33.0,32.63,32.76,3668636
nrg,2014-02-10,27.69,27.73,27.43,27.58,2916337
cms,2017-11-08,48.79,49.17,48.72,49.13,2918844
orly,2014-03-11,150.68,151.366,149.27,149.55,325058
kr,2014-09-18,26.195,26.275,26.085,26.245,4559714
afl,2017-05-01,75.06,75.21,74.43,74.44,1901854
arnc,2015-07-09,32.22,32.91,31.71,31.77,13412560
dal,2017-03-30,46.02,46.48,45.91,46.27,4909066
pvh,2016-10-05,112.41,112.7,111.13,111.17,655112
intc,2016-07-27,35.0,35.28,34.63,34.83,23601763
jci,2014-07-17,47.1832,47.623,46.733,46.7644,2230444
goog,2015-08-20,655.46,662.99,642.9,646.83,2855299
peg,2016-06-17,44.48,44.825,44.14,44.81,3714407
ilmn,2017-09-15,211.0,211.87,208.96,210.72,942620
hrb,2016-02-01,33.8,34.57,33.7,34.47,2292025
aet,2014-04-09,73.07,74.41,72.97,74.0,2554819
crm,2014-07-28,54.74,55.2,53.86,54.0,4017730
cah,2017-10-09,65.83,65.88,64.23,64.92,3508250
uri,2016-01-27,56.4,57.9,54.73,55.84,3412637
unm,2015-04-08,33.26,33.44,33.1,33.29,1473765
oke,2017-02-16,54.75,55.09,53.94,54.03,1918102
ess,2017-09-06,266.89,267.49,262.73,262.77,426427
m,2016-01-12,38.87,39.1,37.61,38.61,10161368
xlnx,2014-05-02,46.68,46.92,46.34,46.37,2240153
txt,2017-10-03,54.63,54.69,54.27,54.5,1348769
txn,2014-05-19,45.21,45.83,45.13,45.6,4692168
adi,2014-05-23,51.89,52.46,51.61,52.39,1578594
bwa,2014-06-30,65.34,65.46,64.8,65.19,963279
acn,2017-07-25,128.25,129.31,127.68,128.95,1599954
adm,2017-09-08,42.52,42.65,42.34,42.37,2387740
azo,2017-12-18,705.67,708.445,696.14,704.4,428170
qrvo,2017-12-13,68.14,69.085,67.06,67.29,1565277
uhs,2015-07-16,141.42,141.83,139.43,141.25,788768
has,2015-07-28,79.9,79.9,79.05,79.57,1135575
eqr,2014-08-21,67.14,67.43,66.925,67.1,1196374
swk,2014-01-29,77.45,78.82,77.2,78.03,1965700
ctsh,2016-03-01,57.87,58.42,57.42,58.21,5542681
holx,2016-04-12,35.31,35.31,34.91,35.23,1973249
alle,2017-02-21,73.2,74.67,73.18,74.51,1120417
emn,2014-03-13,85.62,86.18,84.02,84.45,1864370
zts,2015-04-28,46.72,46.82,45.64,45.73,4492421
aee,2015-04-16,41.62,41.73,41.15,41.32,1673835
ame,2017-07-12,62.0,62.31,61.885,62.22,973816
jnpr,2017-03-10,27.89,28.09,27.84,28.01,4549425
foxa,2016-06-08,29.24,29.46,29.18,29.44,5622600
kmx,2016-06-29,47.22,48.31,47.16,48.02,2751181
ko,2016-11-29,41.52,41.52,41.14,41.15,11421921
ctxs,2016-12-09,90.38,90.55,89.15,89.32,840565
antm,2017-03-14,165.97,167.2,163.19,165.18,1279434
dva,2016-04-07,74.3,74.94,73.68,73.95,753396
low,2017-03-29,82.26,82.62,81.72,82.21,3968437
gm,2017-02-14,36.72,37.4,36.67,37.24,31403336
xel,2016-05-05,40.9,41.3,40.64,40.84,3005216
cop,2016-06-30,43.72,44.12,43.21,43.6,9342248
ni,2014-09-08,40.34,40.63,40.1319,40.39,1519096
dis,2016-01-05,102.67,102.67,99.89,100.9,16212908
sbac,2015-02-04,117.6,119.44,117.1,118.73,713226
c,2017-05-05,60.49,60.58,60.1,60.24,11484293
hsy,2016-03-17,93.01,93.255,92.5,92.64,995412
dfs,2017-04-06,66.08,66.89,65.26,66.53,3195558
ko,2016-11-10,41.86,42.26,40.855,40.94,33245534
ayi,2015-03-12,160.89,161.85,160.15,161.14,141482
aiz,2015-01-27,64.68,65.38,64.67,65.12,454718
duk,2014-08-27,72.45,72.955,72.335,72.93,1889994
csx,2017-08-07,48.81,49.715,48.45,49.62,6396441
rsg,2015-05-26,40.59,40.59,39.745,39.88,1933794
coty,2016-07-22,26.61,26.78,26.33,26.6,598574
pxd,2015-09-28,120.89,121.4102,116.97,117.05,1440781
sbux,2015-01-29,44.005,44.65,43.785,44.525,12475860
intu,2016-05-02,101.4,102.33,100.62,102.21,1806726
esrx,2014-03-20,77.33,78.18,77.3,77.92,3478835
algn,2015-04-10,53.0,54.68,52.95,54.29,1917238
pkg,2015-04-22,70.25,72.7,69.3101,70.68,5080046
xrx,2016-12-28,35.72,35.84,34.92,35.04,1739742
cah,2014-08-14,72.11,72.38,71.845,72.13,945447
pbct,2014-08-08,14.43,14.53,14.405,14.51,1581040
has,2015-12-01,73.74,73.93,72.07,73.13,1793482
luk,2016-05-19,17.6,17.79,17.42,17.79,2477324
mdt,2014-06-13,61.93,61.93,60.59,60.7,2085267
pld,2014-01-06,37.62,37.74,37.15,37.4,3030580
yum,2017-10-27,75.99,76.05,75.13,75.24,2097888
see,2015-06-26,52.0,52.68,51.96,52.6,2670688
aap,2014-03-26,124.36,124.51,122.68,122.75,593110
glw,2017-08-23,28.24,28.59,28.2,28.48,4000838
bmy,2015-03-17,67.61,67.84,67.26,67.62,5293728
cma,2014-05-15,46.66,46.84,45.34,45.9,2265953
ibm,2016-05-25,148.93,152.09,148.5001,151.69,4358039
mdlz,2016-08-19,43.07,43.28,42.83,43.055,4704483
txt,2016-11-23,45.29,45.87,45.09,45.78,1059112
peg,2014-09-16,36.85,37.985,36.77,37.96,4644430
wdc,2016-12-02,61.51,63.65,61.51,63.35,3496934
aal,2014-05-22,38.3,38.88,38.3,38.72,6414652
oxy,2015-01-16,76.47,78.26,76.4,78.06,6564058
ma,2015-04-01,86.73,86.74,85.37,86.74,4737377
pnc,2014-12-01,87.37,87.37,86.08,86.59,2148547
apc,2016-03-11,44.35,47.13,44.1,46.29,14798338
bby,2016-08-04,33.4,33.859,33.185,33.45,2722104
fitb,2017-03-14,26.74,26.97,26.33,26.75,4538277
algn,2016-04-25,73.79,74.52,73.54,74.28,459761
twx,2016-08-18,81.11,81.24,80.6,80.83,4627755
ppg,2015-09-15,94.16,95.33,93.67,94.28,2385582
nov,2016-08-03,31.93,32.87,31.82,32.66,3979100
rjf,2015-02-13,57.33,57.65,56.82,57.05,611215
ecl,2016-10-04,121.05,121.26,119.69,120.16,932843
ipg,2014-06-10,19.64,19.775,19.57,19.58,8219193
jci,2017-06-06,41.85,41.87,41.23,41.26,5939679
lmt,2014-08-05,167.79,169.16,166.56,166.93,1218909
tel,2016-01-11,58.6,59.02,57.34,57.92,3622128
mkc,2017-04-05,99.21,100.88,99.06,100.64,1396561
rhi,2015-09-22,50.59,50.88,50.31,50.8,951428
lly,2016-01-06,82.69,84.88,82.495,83.58,6628432
orly,2017-03-21,273.71,274.87,270.09,270.5,546257
m,2014-07-22,56.61,57.15,56.61,56.98,2884985
gww,2014-06-19,259.43,263.11,258.63,261.1,479857
are,2016-03-28,88.68,90.16,88.22,90.08,551357
coty,2017-01-18,19.18,19.34,18.87,18.93,3881143
whr,2016-07-05,166.26,166.93,161.97,163.96,629896
ntrs,2017-08-10,88.94,89.07,87.09,87.2,1845824
hrb,2014-03-27,28.95,29.02,28.51,28.58,3318926
pcar,2016-03-08,53.15,53.49,52.15,52.32,2909173
syf,2016-02-09,24.28,25.32,24.08,25.08,13511563
cpb,2017-04-10,56.11,56.71,56.05,56.5,1535840
eqt,2015-05-18,90.23,90.61,89.22,89.53,1802665
aal,2014-09-12,38.09,38.51,37.63,37.65,8233283
cah,2016-01-21,80.32,81.53,79.39,80.08,2161351
aap,2017-07-11,101.15,101.9334,99.37,100.25,1433046
ccl,2016-04-29,49.15,49.79,48.25,49.05,5878713
hpq,2015-11-02,12.47,14.0,12.41,13.83,51620791
ko,2016-04-20,45.34,45.38,44.06,44.37,40360297
antm,2014-01-10,92.74,92.95,90.86,91.99,1580743
fls,2014-04-24,77.49,77.49,73.01,73.96,4158497
ulta,2015-03-03,143.25,143.25,141.6001,142.03,662113
afl,2014-05-21,61.93,62.24,61.69,62.17,1116322
emn,2014-11-25,86.87,87.61,86.29,86.4,908225
csx,2016-05-23,25.71,25.87,25.55,25.58,4702896
adm,2016-05-25,42.29,42.73,42.13,42.48,4010675
trv,2016-04-01,116.42,117.55,115.91,117.4,1478969
dhr,2015-06-12,85.82,85.89,84.92,85.05,3206696
uhs,2016-02-16,101.0,106.25,100.99,106.1,1406213
scg,2014-09-18,50.49,50.66,49.76,49.93,576319
dvn,2014-04-15,67.78,68.9,67.59,68.68,3481288
twx,2017-12-27,91.85,91.89,90.9,91.37,3447205
fitb,2014-06-20,21.65,21.78,21.51,21.59,7451550
amzn,2014-04-11,314.0,316.5,309.5,311.73,7292028
dhr,2014-01-28,74.97,76.57,74.14,75.21,4370403
cdns,2017-07-11,33.86,34.23,33.815,34.15,1012708
wec,2017-01-09,58.9,59.125,57.98,57.98,1576224
bac,2014-09-18,16.88,17.15,16.87,17.04,111923229
mrk,2017-04-12,62.37,63.21,62.28,63.05,9509164
bmy,2017-04-18,52.68,53.15,52.59,52.93,8036674
d,2016-02-19,69.55,69.77,69.0,69.46,4156575
bsx,2017-05-19,26.18,26.56,26.18,26.41,7924635
lrcx,2017-12-01,190.0,191.27,180.69,187.81,5659574
mos,2016-09-21,25.3,25.66,25.02,25.32,4077447
cms,2014-08-05,28.72,28.86,28.305,28.39,2056315
nclh,2014-01-15,36.08,37.05,35.85,36.89,840250
ir,2014-06-27,62.31,62.76,62.2,62.7,3799419
cof,2015-05-22,84.9,85.36,84.61,85.02,1740838
nwsa,2014-11-26,15.45,15.69,15.41,15.68,3861936
mmm,2015-12-15,151.99,153.02,147.08,148.13,8645905
pvh,2015-08-28,118.0,119.34,116.27,116.98,1488914
usb,2014-05-22,41.27,41.42,41.135,41.37,3960869
unp,2014-05-21,97.29,98.015,97.22,97.625,3088648
eog,2016-01-20,59.73,60.88,57.15,60.24,10621636
amg,2014-03-19,188.47,189.36,186.42,187.84,294719
irm,2016-04-28,35.85,36.62,35.84,36.24,2936657
anss,2014-09-24,76.63,77.43,76.42,76.95,349961
cog,2014-03-20,33.38,33.62,33.1,33.16,8603195
rcl,2017-01-12,86.43,86.47,84.78,85.89,1370464
ip,2014-07-31,48.02,48.0286,47.3,47.5,3979174
rjf,2016-05-03,52.04,52.04,50.71,51.36,580865
hal,2017-04-11,49.97,50.02,49.085,50.01,6766851
zion,2014-01-16,30.08,30.08,29.6699,29.82,1132236
trow,2017-10-06,92.06,92.06,91.275,91.72,829476
dov,2015-03-24,69.42,70.08,69.16,69.85,1052136
iqv,2016-05-19,65.41,66.0,64.51,64.92,1489749
xec,2014-08-06,134.26,141.0,132.6,137.66,2410353
evhc,2017-08-15,51.41,51.41,50.22,50.81,1735063
pru,2017-01-06,105.18,105.97,104.75,105.15,1983879
avy,2015-03-26,52.19,52.35,51.96,52.15,514828
aet,2014-12-10,89.42,89.47,87.6,87.67,1958974
tel,2016-06-10,61.68,61.84,61.17,61.37,1133969
aon,2017-11-22,141.55,141.95,139.09,139.24,1042145
ajg,2015-09-09,42.77,42.99,42.17,42.22,1292684
hrl,2017-09-08,31.13,31.655,31.065,31.6,3113289
aos,2015-06-09,35.29,35.375,35.025,35.225,837664
wdc,2016-01-29,46.15,51.09,46.01,47.98,11064889
len,2017-01-26,46.0784,46.6569,45.6765,45.7843,2947930
azo,2014-06-19,529.21,530.0,526.71,527.99,135479
lb,2016-12-14,72.58,72.81,71.45,72.2,1589483
ffiv,2016-07-07,113.63,114.88,112.96,113.77,539993
cb,2017-06-08,144.51,145.38,144.25,144.96,1480613
ebay,2017-03-31,33.5,33.95,33.45,33.57,10222995
bac,2017-11-09,26.49,26.66,26.12,26.49,95069232
arnc,2016-07-06,27.48,27.75,27.09,27.57,8188080
k,2015-06-04,62.01,62.445,61.94,62.26,3161796
tsn,2014-10-09,41.51,42.1,40.83,40.96,3822251
itw,2016-02-29,95.13,95.67,94.25,94.25,1566661
tsn,2017-11-16,76.53,77.74,75.91,77.26,2567608
expe,2016-07-18,114.69,116.22,113.82,115.53,1103446
exc,2014-10-20,34.35,35.01,34.33,34.99,4413022
psx,2016-02-09,75.77,76.6201,74.67,75.44,4348610
etr,2015-06-03,74.84,75.21,73.37,73.83,2053136
cnp,2017-07-14,27.54,27.66,27.43,27.62,2482428
pcln,2016-11-07,1437.45,1485.2,1435.79,1480.33,1395456
apc,2014-09-26,102.15,104.74,101.7,103.96,2402520
ksu,2016-02-09,76.49,79.57,76.02,78.59,2860875
vno,2015-06-29,96.59,97.0438,94.82,94.89,892760
vz,2014-12-16,45.25,46.64,45.2,45.53,22157848
exc,2017-06-01,36.25,36.74,36.1,36.73,4479546
azo,2014-08-04,514.38,521.76,514.1,519.49,115305
ppl,2016-05-23,37.98,38.05,37.43,37.45,4228700
cme,2015-01-07,87.0,88.34,86.65,88.3,1908814
ecl,2017-02-13,121.22,122.32,120.79,121.76,732763
axp,2017-07-17,85.13,85.52,84.78,85.22,2190465
ajg,2017-04-11,56.1,56.53,55.89,56.3,1033985
unh,2016-08-08,142.61,143.07,141.86,142.13,1846428
cop,2014-11-28,67.7,68.14,65.65,66.07,11779117
mtd,2015-07-13,337.2,340.29,335.96,339.79,149837
googl,2017-11-24,1054.39,1060.07,1051.92,1056.52,825369
nue,2015-03-17,47.13,47.57,46.87,47.41,1450096
pfe,2014-04-07,31.48,31.71,31.05,31.2,54582482
kors,2014-08-18,78.52,79.64,78.41,79.36,2331579
pcln,2016-07-11,1342.9,1360.99,1341.49,1351.03,648173
cinf,2014-11-26,50.5,50.88,50.37,50.88,407642
hog,2017-08-07,48.35,48.4899,47.82,48.06,1853735
atvi,2014-07-09,22.4,22.58,22.39,22.52,4946256
peg,2014-12-02,41.45,41.66,41.06,41.44,4627607
fdx,2015-12-28,149.0,149.59,147.02,148.41,1805224
nlsn,2014-12-31,45.26,45.47,44.7,44.73,1880486
andv,2015-05-29,89.54,91.47,87.75,88.5,2583058
pypl,2016-01-05,34.98,34.98,33.86,34.31,11227717
dfs,2015-08-21,55.05,55.99,54.24,54.24,6399828
gd,2017-05-22,197.48,199.0,196.295,197.75,1453701
gd,2016-02-29,136.9,137.5548,135.55,136.27,2944684
ctl,2017-07-14,22.77,23.23,22.73,22.99,6757823
pep,2015-07-24,96.67,96.8851,96.09,96.18,3631735
syy,2015-07-02,36.0,36.09,35.74,35.92,5430222
symc,2014-05-08,20.22,20.6,20.04,20.13,6742492
gd,2014-07-17,117.06,117.55,116.05,116.1,796017
ip,2016-08-17,46.76,47.33,46.72,47.31,2454666
rop,2015-12-09,185.97,188.02,184.33,185.45,377471
holx,2016-10-04,38.1,39.67,38.1,39.15,3612008
wat,2014-11-12,111.68,113.73,111.5275,113.5,484705
cdns,2016-08-30,25.53,25.64,25.43,25.52,1429891
whr,2017-08-30,168.05,169.74,167.3,168.91,553117
cb,2014-08-15,103.57,103.89,102.55,103.5,1338233
tsn,2017-03-27,62.09,62.87,61.73,61.84,1892052
nwsa,2015-03-25,16.88,16.88,16.42,16.42,1884364
expe,2017-04-17,128.63,130.39,128.35,130.34,1692096
abc,2016-10-13,80.28,80.93,79.93,80.38,2493977
ir,2016-07-29,66.4,66.63,66.195,66.26,2445376
re,2017-06-14,254.14,255.43,251.39,252.38,391358
intc,2014-12-12,36.45,36.82,36.22,36.225,29322529
key,2015-11-27,13.13,13.16,13.01,13.14,4660362
dltr,2015-02-20,76.7,77.87,76.16,77.69,2605397
eqt,2017-10-16,63.1,63.6,62.28,62.56,1992710
trow,2016-11-28,73.98,74.35,73.07,73.15,1294064
lrcx,2016-03-02,75.34,75.9,73.83,74.55,2421143
jwn,2015-02-17,78.25,79.43,78.18,78.9,1502323
nbl,2015-07-02,41.14,41.74,40.93,41.02,3578945
hal,2017-04-13,49.19,49.42,48.18,48.38,6762440
ibm,2016-03-30,149.95,150.41,148.32,148.41,3331216
kors,2014-10-13,73.64,73.75,72.07,72.25,3195837
kim,2014-02-14,21.46,21.72,21.46,21.68,1637101
vmc,2014-08-04,63.41,63.76,62.98,63.27,1221379
pwr,2017-05-09,34.41,34.71,34.15,34.51,3144524
slb,2017-01-04,85.0,85.7099,84.54,85.43,4655393
gps,2016-11-14,29.33,30.5,29.28,30.1,7269622
exr,2015-02-26,66.35,66.35,65.04,65.45,930514
csco,2016-01-28,23.73,23.79,22.98,23.105,31833515
col,2014-06-18,79.74,79.83,78.95,79.69,469426
nsc,2015-01-08,103.71,104.92,102.92,103.99,3064419
abbv,2016-02-17,54.34,55.155,53.35,55.01,10005667
jwn,2015-05-19,75.22,75.38,74.35,74.47,1309692
kmb,2017-06-23,131.75,132.64,131.75,132.3,1464477
prgo,2014-07-28,155.2,155.58,153.25,153.84,683497
mnst,2015-11-16,49.05,49.1733,48.34,49.1566,2214012
hp,2017-01-05,78.91,79.31,77.81,78.8,1235776
orcl,2016-10-13,37.86,38.19,37.62,38.03,14118062
etfc,2014-06-26,20.89,21.04,20.55,20.96,3668031
chtr,2017-01-24,309.74,310.21,307.0101,308.35,1058864
ma,2017-05-25,121.02,122.48,120.95,121.92,4689308
hsy,2016-01-11,84.29,84.94,83.52,84.25,1611278
col,2017-04-24,106.08,107.57,104.75,105.42,3553718
pep,2014-11-18,98.42,98.5,97.86,97.94,3908644
etfc,2015-03-12,27.94,28.14,27.57,27.975,2513310
uhs,2017-05-11,123.11,123.74,121.56,122.83,467861
awk,2017-11-16,89.92,89.99,89.3,89.69,754388
spg,2014-10-13,168.41,169.78,167.4,167.47,1409901
vtr,2017-06-09,66.46,67.11,66.1328,66.87,1190244
iff,2015-09-02,107.52,108.54,106.51,108.5,549891
fdx,2014-08-06,145.83,146.42,145.08,145.47,1098050
unh,2017-10-31,209.39,210.52,207.8,210.22,3749641
mmm,2017-09-07,201.47,204.71,201.47,204.46,1701542
wyn,2015-03-25,90.53,90.898,88.99,88.99,813407
mo,2014-09-02,43.16,43.68,43.05,43.19,4573509
gt,2014-11-06,24.54,25.35,24.5,25.15,6928538
stz,2015-04-08,118.66,119.85,118.47,119.17,1482715
rjf,2017-11-03,85.65,86.08,84.48,85.7,652284
tjx,2015-03-10,67.97,68.23,67.5,67.61,2363770
bac,2016-06-27,12.77,12.77,12.05,12.18,259697521
csx,2014-09-08,31.45,31.49,31.1,31.19,3653005
wat,2017-11-20,199.05,200.71,197.65,200.27,281605
cinf,2015-12-28,59.55,60.06,59.31,60.05,340900
phm,2014-06-13,19.57,19.61,19.33,19.42,4385120
hal,2014-10-31,53.52,55.19,53.02,55.14,11120273
axp,2016-03-09,59.73,59.79,58.52,59.05,6469596
mos,2015-06-03,45.44,45.6299,45.1,45.41,2538932
alle,2015-06-19,61.37,62.01,61.04,61.67,646971
cmcsa,2016-05-18,30.265,30.415,29.93,30.19,26579410
ge,2015-05-05,27.25,27.36,26.85,26.92,30347339
goog,2015-10-12,642.09,648.5,639.01,646.67,1276134
abc,2015-11-16,96.86,98.07,96.54,97.3,1829729
mmm,2016-01-28,146.16,147.84,145.22,147.32,3067960
pcg,2017-11-06,56.5,56.9582,56.23,56.77,3449702
kmx,2017-05-03,57.8,58.57,57.55,58.52,2088804
omc,2017-10-25,70.99,71.27,69.42,69.81,3354671
bmy,2016-07-19,75.9,76.1925,75.43,75.47,3693247
cof,2015-04-10,80.23,80.66,80.01,80.61,2233387
mat,2015-05-19,26.27,26.4199,25.755,26.01,5228941
yum,2017-05-10,68.62,69.19,68.62,68.88,2022320
syk,2017-08-31,139.33,141.59,139.33,141.37,1305903
maa,2017-04-26,101.54,101.91,100.65,101.0,960009
dri,2017-02-28,74.65,75.015,74.3401,74.68,1602525
alxn,2016-12-08,125.45,126.69,123.13,126.0,1914177
adm,2014-02-12,40.43,40.83,40.28,40.65,7035371
fl,2017-01-25,69.5,69.64,68.84,69.2,1525859
mar,2016-06-10,66.42,66.69,66.07,66.49,2553068
etfc,2014-05-30,20.32,20.785,20.26,20.37,3215922
k,2016-02-16,74.34,75.33,73.83,75.19,3284737
cme,2014-04-01,74.42,75.0,72.25,72.66,3638288
l,2016-03-28,38.3,38.51,38.2558,38.37,830589
arnc,2016-01-22,21.87,22.26,20.49,20.61,11461443
tmk,2015-08-26,57.0,57.79,56.38,57.55,1191464
are,2017-01-06,112.63,113.21,112.14,112.21,472333
reg,2017-12-20,69.09,69.42,68.01,68.01,713431
aiz,2014-03-21,66.24,66.5,65.69,65.81,725030
kmx,2014-12-09,57.98,59.55,57.93,59.45,1583068
stz,2017-09-27,200.45,200.91,198.25,199.8,1283259
utx,2017-05-17,119.77,120.3,119.42,119.58,3357783
pwr,2017-06-14,32.96,33.0,32.15,32.46,1103568
fmc,2016-09-06,47.59,47.8,46.52,46.71,522187
ca,2016-05-26,31.77,32.09,31.56,32.02,3029235
whr,2015-08-04,175.98,176.26,174.35,174.88,741656
bll,2016-02-12,32.285,32.79,32.15,32.585,2475534
ame,2015-01-09,51.6,51.72,50.96,50.99,1090195
ph,2017-07-24,164.55,164.9,162.43,164.4,763834
rl,2016-09-07,102.86,104.8882,102.07,104.84,839401
holx,2016-09-01,38.39,38.58,38.12,38.46,1699124
irm,2014-04-30,28.05,28.44,27.91,28.44,1320176
nue,2017-01-06,60.88,61.86,60.28,60.29,3057681
wdc,2014-03-13,84.45,85.0,83.42,84.21,2034675
zts,2015-10-06,42.78,43.1,41.19,41.39,4622168
re,2014-04-17,156.69,158.72,156.54,158.41,301432
syf,2017-05-30,27.31,27.46,27.005,27.1,9631400
hst,2014-11-17,22.64,22.79,22.52,22.6,4385187
orly,2015-12-03,261.73,263.225,252.63,253.37,1300158
de,2017-11-07,135.54,136.69,135.54,135.71,1234168
es,2014-07-18,45.24,45.57,44.93,45.54,720100
dvn,2015-12-02,45.78,46.08,43.44,43.53,4783966
ual,2017-11-03,58.41,59.82,58.15,59.65,4924805
mpc,2016-12-30,50.44,50.61,50.0,50.35,3477242
aapl,2017-12-27,170.1,170.78,169.71,170.6,21498213
tap,2016-08-08,99.33,99.33,98.25,98.99,964673
tmk,2016-03-02,53.1,53.47,52.83,53.44,747122
eog,2017-03-06,98.62,100.38,97.8,100.07,3106089
ba,2016-06-02,126.65,127.03,125.3201,126.85,4802106
d,2014-08-06,65.62,65.7,64.71,64.91,5188573
hcp,2016-07-25,38.9,39.08,38.601,39.08,2803969
ph,2017-06-08,152.91,155.34,152.01,154.53,1784325
psx,2015-06-24,79.7,80.12,78.96,79.19,3106393
abc,2015-06-12,111.0,111.0,109.81,110.15,1163105
cbs,2015-01-05,54.51,54.68,54.0,54.26,4767752
lrcx,2014-07-29,69.41,70.14,68.71,68.8,1402640
exr,2016-03-21,89.35,90.09,88.25,88.51,1156665
hal,2017-10-18,44.48,44.8,43.59,43.77,7481729
mu,2015-03-24,28.11,28.35,27.88,27.96,15670770
klac,2017-07-26,98.49,100.88,98.49,100.86,854882
alle,2014-10-16,44.63,46.5,44.218,46.33,696505
f,2017-10-30,12.01,12.15,11.95,12.1,36457435
snps,2014-05-13,38.32,38.43,38.0,38.14,388801
jec,2014-08-25,54.13,54.38,53.82,54.3,615507
pxd,2014-09-18,206.22,206.44,200.75,202.16,1517646
vno,2017-12-21,77.17,77.35,76.91,77.13,985894
rop,2017-09-08,229.58,234.55,229.14,234.38,348339
pgr,2014-12-18,26.44,26.76,26.27,26.76,3960070
mos,2017-11-07,22.5,22.68,22.24,22.56,5929425
adsk,2015-02-17,60.58,61.14,60.3,61.13,1464177
efx,2016-03-16,108.82,110.4,108.65,110.13,575317
celg,2015-06-18,112.46,117.08,112.25,116.92,6933969
eqr,2015-07-24,74.45,74.75,74.19,74.58,2369887
bax,2016-09-22,48.08,48.2634,48.0,48.2,5581034
sbux,2016-02-10,55.28,56.35,55.01,55.14,11663942
mtd,2014-11-03,258.37,261.66,257.71,259.63,170869
amg,2017-07-17,175.99,176.74,175.54,176.3,242097
cop,2016-10-19,40.96,42.1,40.88,41.72,9634092
cms,2016-09-06,42.47,42.93,42.38,42.8,1568546
expd,2017-12-07,64.16,64.64,63.77,64.18,1286416
rop,2016-12-28,186.46,187.03,183.74,183.81,312880
celg,2016-06-17,100.43,100.43,98.22,98.74,5976683
wat,2014-04-29,103.91,104.68,98.89,99.03,2376422
lh,2016-04-07,118.71,120.07,117.88,118.46,666749
mos,2014-10-14,41.39,42.19,41.23,41.47,3277262
rop,2014-07-18,142.93,143.724,142.0,143.04,741271
cog,2015-02-11,27.74,28.66,27.65,28.09,7236683
csx,2017-11-10,49.97,50.38,49.7699,50.08,3462415
ayi,2016-01-22,199.82,203.27,197.69,199.57,509788
jci,2017-09-12,39.47,40.11,39.4201,40.0,2877219
snps,2014-10-24,39.51,39.95,39.449,39.93,377360
pcar,2014-03-20,66.24,67.18,66.11,66.945,1076599
vz,2015-09-02,45.44,45.5,44.77,45.35,17197603
lly,2015-04-21,72.98,73.12,72.06,72.21,4048368
symc,2014-02-05,20.38,20.64,20.35,20.54,9493950
cvx,2017-08-09,110.74,111.4109,110.26,110.89,3966818
dhr,2017-07-21,83.02,83.4,82.52,83.05,3606106
abc,2016-05-12,75.92,75.92,74.63,74.78,3469278
whr,2016-12-12,174.11,180.88,173.63,176.2,944778
tsn,2014-12-29,40.1,40.33,39.37,40.23,3698940
jnj,2014-08-28,102.9,103.19,102.71,102.95,3485694
payx,2016-10-04,57.47,57.76,56.78,57.06,1791138
hpq,2015-12-31,11.83,11.99,11.76,11.84,10382718
goog,2014-07-24,596.45,599.5,591.77,593.35,1033341
vno,2014-10-16,102.18,104.17,102.11,103.77,803297
snps,2017-11-27,90.08,90.08,89.08,89.23,901450
xlnx,2014-07-11,48.46,48.54,48.15,48.25,1469321
jec,2017-02-03,59.14,59.81,58.86,59.22,658002
cma,2016-06-20,43.35,43.74,42.36,42.43,2283204
so,2014-02-07,41.05,41.3,40.95,41.1,4338555
hbi,2016-04-06,26.83,27.2899,26.65,27.1,3110467
cme,2017-02-06,119.5,119.895,119.05,119.81,1119983
pcg,2017-01-31,60.74,61.91,60.5631,61.89,2618510
jpm,2014-07-09,55.88,56.12,55.61,56.02,10914251
pgr,2017-10-05,49.21,49.26,48.99,49.05,2757466
akam,2016-11-04,66.33,67.04,65.685,65.81,3087659
awk,2016-09-09,75.04,75.21,72.49,72.49,1523402
luk,2014-01-21,28.1,28.5799,27.86,28.46,7195110
etn,2014-09-23,64.7,65.4,64.11,65.14,4035805
axp,2016-07-15,63.95,64.11,63.31,63.78,3675649
aon,2014-02-26,86.21,86.33,85.22,85.33,1788200
jec,2015-04-20,47.7,47.86,47.34,47.39,681284
xyl,2017-01-27,50.29,50.6599,49.94,50.05,1321902
fitb,2015-04-10,19.2,19.25,19.0,19.05,3940271
lkq,2015-08-10,31.66,31.84,31.35,31.64,1178253
reg,2016-11-07,70.49,70.53,69.43,70.03,762543
payx,2014-07-15,42.3,42.435,41.98,42.34,2125490
dov,2014-10-13,75.33,75.9297,72.32,72.43,2129986
cnp,2015-08-06,19.09,19.11,18.71,19.08,4578797
bwa,2016-07-25,33.08,33.32,32.95,33.26,1390737
unp,2014-05-19,97.63,97.89,97.07,97.795,3210622
maa,2014-06-16,71.32,71.45,70.39,70.65,419285
goog,2015-07-02,521.08,524.65,521.08,523.4,1235903
el,2015-02-25,81.72,82.29,81.51,81.88,1499321
ulta,2016-07-14,251.95,255.3,251.3,255.11,786061
omc,2015-06-17,72.5,72.93,72.33,72.62,814390
dri,2014-12-16,56.98,57.1,55.82,55.91,2255046
hpq,2017-03-30,17.25,17.69,17.22,17.65,10806000
mat,2015-01-21,27.42,28.13,27.1,28.04,7344131
bsx,2017-10-24,29.83,29.84,29.58,29.8,4468808
mhk,2017-04-20,235.38,237.58,234.95,236.29,447706
gm,2014-01-07,40.7,40.94,40.1,40.2,14157364
rhi,2015-01-27,58.42,59.2,58.17,58.65,720434
intu,2014-06-23,79.3,79.7,79.17,79.67,1000069
sjm,2017-03-16,138.71,138.9928,138.1,138.72,1520729
mtb,2016-06-16,115.11,116.24,114.25,116.1,661210
fbhs,2017-12-18,66.7,67.59,66.47,67.48,1420626
etn,2017-08-14,72.19,72.58,71.82,72.48,2032861
awk,2014-03-13,44.44,45.05,44.26,44.99,878787
aapl,2016-09-19,115.19,116.18,113.25,113.58,47023046
mas,2014-06-17,21.66,21.82,21.25,21.72,8298060
mlm,2014-06-23,135.97,136.36,133.5,133.81,602631
disca,2015-01-09,32.38,32.54,31.96,32.03,3103780
awk,2016-02-26,67.66,67.66,64.66,64.81,2436812
phm,2015-12-10,18.12,18.32,17.9,18.16,5134770
lkq,2017-05-16,31.35,31.35,30.93,30.98,1350757
hcp,2015-05-28,39.34,39.47,38.895,39.12,1511824
amd,2016-12-15,10.68,10.93,10.64,10.86,48871302
jbht,2014-06-16,75.65,76.04,75.33,75.58,493473
pdco,2014-02-26,40.61,40.91,40.42,40.56,323880
hes,2014-11-13,82.23,82.76,79.92,81.1,4298406
lnt,2016-10-03,38.33,38.33,37.53,37.8,1793971
hbi,2015-12-04,30.54,31.1804,30.53,31.15,1913328
prgo,2014-10-23,151.36,155.42,151.22,153.91,815162
nem,2014-09-17,25.04,25.07,24.62,24.67,7591068
fb,2014-07-09,63.41,65.12,63.15,64.97,51431582
jnpr,2017-12-07,28.0,28.47,27.97,28.42,4307259
len,2017-06-06,50.9608,51.3823,50.7451,51.1863,1441147
symc,2017-10-24,32.21,32.37,31.93,32.36,2433496
glw,2015-07-09,19.46,19.59,19.12,19.16,10142404
ir,2014-03-21,59.16,59.84,58.77,58.86,4471589
hrs,2015-04-27,81.14,81.84,80.5,80.74,879086
pm,2015-07-27,84.44,85.9,84.44,85.53,4481518
ecl,2017-04-19,125.68,126.2,125.53,125.71,885804
uhs,2016-11-09,111.0,120.22,105.35,119.26,3560726
tsn,2016-07-19,69.99,71.16,69.76,71.08,3198182
dov,2014-08-11,86.16,86.61,85.73,86.06,524647
mgm,2015-06-29,18.06,18.15,17.495,17.58,13149626
sig,2015-10-07,137.43,138.38,135.31,138.3,777653
bmy,2016-08-18,58.27,59.475,58.26,58.68,14693323
tss,2016-06-13,52.31,52.66,51.405,51.56,2483030
tgt,2014-06-27,57.77,58.32,57.75,58.12,8466044
lly,2016-09-07,78.49,78.885,78.26,78.59,2972177
c,2016-05-26,47.04,47.12,46.07,46.11,16956563
kr,2014-10-24,27.17,27.215,26.9705,27.095,4990872
andv,2014-10-17,60.39,61.09,59.36,60.38,2555239
ajg,2014-09-08,46.24,46.56,45.97,46.56,618099
chtr,2016-12-12,281.04,281.9492,275.98,277.92,1490787
dhi,2017-04-20,33.76,34.34,32.68,33.1,9944641
jpm,2016-09-12,66.14,67.3,65.76,67.06,16452983
hal,2017-02-16,55.82,56.0,54.26,54.31,10925646
dvn,2015-12-09,36.39,36.47,34.38,35.32,7916082
hpe,2017-03-10,22.53,22.69,22.2,22.37,11153683
akam,2015-09-01,69.75,71.43,69.67,70.43,2411225
amg,2017-06-02,160.01,161.63,159.16,161.0,759571
ge,2015-04-06,24.9,25.41,24.79,25.18,33445096
dlr,2015-09-10,61.67,62.4,61.51,61.75,903239
mas,2016-06-03,32.13,32.13,31.75,32.03,2517493
glw,2015-09-18,18.02,18.03,17.55,17.62,16717927
gt,2017-09-11,30.77,31.81,30.74,31.55,5611346
iqv,2016-11-23,79.27,80.12,77.0,79.87,2045444
cbg,2014-11-19,33.2,33.2,32.83,32.92,845788
cl,2016-06-28,70.37,71.15,70.03,71.13,2878554
alxn,2014-04-17,149.27,154.11,147.3,149.8,2298989
ctxs,2014-12-19,63.33,64.61,63.04,63.13,4673042
snps,2016-12-22,60.0,60.0,59.04,59.41,893771
wy,2014-05-16,30.11,30.45,30.08,30.31,2831668
nfx,2015-10-28,39.37,40.65,38.56,39.86,2923245
wmb,2014-06-04,46.87,47.1,46.76,46.9,3004008
adm,2016-08-29,42.61,43.01,42.28,42.84,1735404
amd,2017-12-04,10.85,10.86,9.82,10.03,97328281
bll,2016-11-29,38.45,38.91,38.395,38.525,1681720
tel,2015-03-12,71.18,71.919,70.98,71.71,2200483
viab,2016-06-01,44.09,44.58,43.24,44.58,3170668
cern,2017-09-06,67.89,68.27,67.3,67.63,1508952
ma,2014-01-23,83.8,83.81,81.92,82.36,6595431
xrx,2016-09-19,39.44,39.76,39.32,39.4,2143147
c,2015-07-14,55.37,56.12,55.24,55.91,18174852
cl,2017-07-06,73.68,74.0,73.3,73.45,2853957
dhr,2014-09-05,76.03,77.21,75.95,77.14,2135420
wec,2015-03-30,49.56,49.9701,49.3,49.73,1075547
ppl,2014-07-23,33.67,33.77,33.56,33.67,2425683
leg,2015-12-11,43.13,43.54,42.92,43.29,953171
pru,2017-06-30,109.12,109.37,108.06,108.14,2152801
ctl,2014-07-02,36.18,36.24,35.7,35.94,4105462
ame,2017-03-31,53.92,54.26,53.78,54.08,1214734
nclh,2015-04-02,54.56,54.9548,54.17,54.46,761602
sni,2017-12-08,81.71,82.33,81.51,81.85,1139018
ffiv,2015-07-01,121.08,121.255,119.65,120.26,726948
aapl,2016-04-22,105.01,106.48,104.62,105.68,33683121
kmx,2017-04-27,59.93,60.715,59.585,60.08,2006251
regn,2016-09-19,409.86,411.05,401.45,402.83,581014
avgo,2014-04-11,59.27,59.96,58.46,58.53,2190305
agn,2014-03-04,222.52,227.39,222.38,226.12,2535315
nflx,2015-03-13,63.9071,64.0571,62.3671,62.6285,10160997
fisv,2017-11-17,129.44,129.48,127.92,128.39,805492
vrsk,2014-03-04,63.93,64.21,63.34,63.47,895281
etr,2017-08-28,80.0,80.015,79.46,79.84,786728
d,2017-04-13,78.0,78.0,77.19,77.53,2637247
ppg,2016-10-26,91.01,92.62,91.01,92.52,2515849
adi,2014-01-13,49.21,49.55,48.66,48.87,2989716
el,2014-06-24,74.86,75.19,74.5,74.52,801819
rtn,2016-09-08,139.61,140.07,139.05,139.68,1275488
pfe,2017-02-17,33.59,33.89,33.53,33.62,34992707
itw,2014-04-28,84.91,85.1,83.57,84.48,1898931
cah,2017-11-29,57.82,59.74,57.76,59.11,4802203
agn,2015-06-12,301.27,301.56,297.86,298.98,1370772
lnt,2015-06-02,30.545,30.545,30.02,30.26,2647554
ba,2017-07-14,206.7979,208.73,206.74,208.51,3229034
ice,2015-10-16,47.592,47.91,47.156,47.578,2939265
t,2015-03-31,32.97,33.03,32.65,32.65,27900236
sjm,2017-05-25,127.54,128.615,127.54,128.0,847864
leg,2014-05-12,33.57,34.0,33.56,33.84,916073
pdco,2016-03-08,44.42,44.58,43.95,44.09,471089
ebay,2017-03-02,34.19,34.33,33.745,33.91,4698206
cb,2015-07-07,103.57,104.58,102.6,104.46,3820505
tap,2014-03-11,58.43,58.49,57.9,58.03,763058
bk,2017-09-01,52.45,52.688,52.226,52.33,2844794
ame,2016-09-02,48.99,49.22,48.91,49.15,680373
ual,2017-01-11,75.51,76.75,74.945,75.04,5185872
cci,2016-07-20,99.68,99.78,98.4,98.49,1972328
andv,2014-02-21,50.5,51.21,50.31,50.34,2970355
cl,2016-12-05,64.95,65.1965,64.52,64.63,4401771
aiv,2014-03-31,30.11,30.28,29.86,30.22,1797150
leg,2016-09-01,52.56,52.58,51.605,51.79,754256
gpn,2016-09-29,76.7,77.05,75.94,76.09,804324
emr,2016-05-10,52.77,53.52,52.65,53.5,2745039
ctxs,2016-02-02,69.48,69.81,65.31,66.27,2944128
t,2016-04-08,38.73,38.9,38.37,38.5,17562859
fitb,2014-04-04,23.25,23.405,22.89,22.92,6820678
c,2014-04-21,48.18,48.22,47.77,47.84,17048870
kim,2016-06-07,28.7,28.95,28.67,28.86,1699648
arnc,2016-07-25,31.62,31.65,31.2,31.47,4616439
jec,2016-08-02,53.38,53.45,52.69,52.99,805368
coo,2015-04-01,186.91,188.37,184.85,186.59,422290
sti,2016-03-16,36.69,37.25,36.04,36.39,3483464
antm,2016-03-08,131.7,133.98,131.61,132.48,1241725
kss,2014-01-24,50.7,50.81,49.98,50.22,2890307
intc,2015-04-09,30.68,31.62,30.57,31.24,34167586
mro,2014-02-05,32.35,32.42,31.59,32.1,6537213
mhk,2017-09-21,256.0,256.75,254.03,254.11,297607
fdx,2016-07-19,159.95,160.74,159.26,159.68,773184
uaa,2017-11-29,12.96,13.65,12.96,13.57,6597181
axp,2014-07-15,94.79,95.16,94.0,94.45,3499169
wyn,2014-10-28,76.43,77.45,75.97,77.25,1686999
xyl,2017-05-19,51.75,52.34,51.54,52.01,711435
nlsn,2016-02-08,45.14,45.28,43.91,44.72,3373802
ess,2014-04-04,170.44,171.51,168.04,170.12,1042670
khc,2017-01-05,86.9,87.3,86.08,86.53,3037390
mo,2015-06-30,48.97,49.275,48.5699,48.91,8247296
ame,2015-08-04,53.11,54.72,52.9401,53.71,2143944
pkg,2017-12-21,120.0,121.11,119.95,120.3,505375
swk,2016-10-17,121.25,121.25,120.06,120.23,517023
vz,2014-11-17,51.41,51.48,51.14,51.4,6887136
bxp,2017-06-07,121.1,121.885,121.1,121.73,714250
awk,2017-07-25,80.93,81.12,80.47,80.76,468445
psa,2015-09-09,205.99,206.36,199.87,200.24,795221
fl,2016-04-20,62.0,62.03,61.18,61.32,2096734
dlr,2017-10-27,115.62,117.1,114.51,116.55,1380419
len,2014-06-05,39.8039,40.4608,39.6372,40.1863,2463607
fti,2017-12-14,28.455,28.585,27.59,27.61,3451903
exc,2014-01-31,28.8,29.31,28.78,29.0,10412341
rjf,2016-07-12,51.0,52.32,50.93,52.05,717407
efx,2015-01-15,83.14,83.52,82.37,82.69,465675
dri,2017-02-21,76.54,77.11,76.445,76.7,1269537
etfc,2016-06-13,25.54,25.9,25.46,25.47,2183900
stx,2015-12-08,34.79,35.57,34.43,35.43,3800093
pdco,2016-10-18,44.57,44.84,44.15,44.58,608170
expe,2014-02-11,75.04,76.44,74.58,74.79,2406931
hsy,2016-01-08,85.98,86.23,84.75,84.92,1182069
lll,2017-07-18,171.79,171.79,169.48,169.87,540201
snps,2017-12-01,90.42,91.19,88.29,90.32,1765211
cb,2017-09-01,141.47,142.28,140.31,140.49,1397324
kss,2015-02-20,68.25,69.58,67.83,69.5,2332519
mo,2014-07-07,42.25,42.78,42.25,42.62,5212786
rrc,2016-02-09,29.9,30.24,27.59,28.04,5586833
ntap,2016-04-19,24.93,25.118,24.39,24.44,3233244
ben,2017-09-25,42.78,43.475,42.78,43.41,2171351
navi,2016-10-25,13.11,13.275,13.01,13.15,2393521
esrx,2016-11-11,75.18,75.6,73.78,74.59,4337362
kmi,2015-01-26,42.59,42.65,42.01,42.27,9304898
utx,2017-04-26,117.34,119.25,116.51,118.2,5102681
aos,2014-09-25,24.285,24.34,24.125,24.21,1171586
cbg,2014-05-05,28.31,28.83,28.15,28.71,2087862
ndaq,2014-01-15,39.89,39.91,39.08,39.52,1066735
exr,2017-04-12,78.39,78.71,77.52,77.93,1377975
jec,2017-11-20,58.61,59.78,58.54,59.34,678956
nbl,2017-03-08,35.62,35.75,34.07,34.09,5928436
foxa,2014-05-16,34.06,34.28,33.58,34.07,9684856
intu,2015-02-17,90.06,90.3,89.51,90.09,2884774
shw,2014-10-06,216.32,217.095,213.87,214.64,543866
omc,2015-06-08,73.37,73.68,73.29,73.37,1285388
unh,2017-09-11,199.25,200.42,198.78,199.58,3307919
utx,2016-06-10,101.55,102.39,101.21,102.0,3601667
usb,2016-10-20,43.59,44.09,43.52,43.95,8553044
dhi,2017-11-28,49.54,50.14,49.26,50.11,5216533
azo,2014-08-21,538.06,541.07,536.26,537.78,145125
wyn,2017-02-16,85.69,86.72,85.08,85.79,2207449
pwr,2017-01-17,34.81,34.87,34.131,34.14,1572809
hban,2014-09-15,10.1,10.1,10.0,10.04,8293407
vrtx,2016-06-03,95.62,95.69,92.62,93.96,1473310
usb,2015-01-07,43.6,43.69,43.14,43.55,5073711
gt,2014-09-04,25.96,26.15,25.61,25.81,4304375
ice,2015-07-14,45.7,45.873,45.396,45.598,2144505
hrb,2015-10-28,36.75,37.28,36.6,37.15,2271020
ua,2017-07-20,19.0,19.3922,18.9864,19.05,1883844
tap,2016-01-04,92.97,92.97,91.43,92.29,2293670
brk.b,2014-09-11,137.17,137.97,137.0,137.92,2016900
ni,2014-12-01,41.56,41.8,41.41,41.51,1622714
mck,2014-08-15,192.74,193.49,189.78,191.15,855424
chrw,2017-05-23,68.15,68.36,67.74,68.34,885303
pcln,2015-07-15,1169.0,1177.94,1164.95,1167.54,324554
mlm,2015-12-29,141.0,142.15,139.0,140.66,518880
fe,2017-06-08,29.09,29.11,28.66,28.87,3635977
pxd,2015-03-06,158.0,160.47,155.51,156.17,1951012
intc,2016-06-23,32.58,33.0,32.5011,32.99,22048784
amd,2014-12-09,2.55,2.59,2.49,2.59,22926434
dri,2017-03-31,82.83,84.125,82.51,83.67,3256635
mu,2017-04-21,28.0,28.03,27.16,27.32,28361662
arnc,2015-02-20,47.79,48.21,47.1,47.37,4726517
swks,2016-01-07,66.6,70.28,66.1,67.16,7120079
hum,2017-11-17,234.88,237.69,233.28,233.46,1032865
nue,2016-03-08,44.14,44.95,44.04,44.32,3750090
vz,2016-08-19,52.89,52.91,52.16,52.45,11990982
hog,2015-08-25,55.55,55.865,53.2,53.21,3148374
arnc,2016-04-29,33.84,34.5,33.21,33.51,13872523
eqix,2017-04-19,403.25,404.62,401.14,403.96,325479
wdc,2015-07-08,79.31,79.73,78.19,78.31,2329725
nem,2016-08-11,45.69,45.91,45.2,45.43,4913008
lll,2017-04-27,173.56,179.9499,169.36,173.94,674147
jnj,2016-03-02,106.91,107.41,106.43,107.04,9766977
grmn,2014-07-28,57.04,57.87,56.98,57.52,861632
cmi,2014-04-22,146.76,147.87,146.01,146.8,924911
mro,2014-12-22,28.179,28.695,27.85,28.27,10721154
kss,2015-07-28,61.91,61.97,61.2,61.41,1609946
frt,2017-07-10,126.64,126.72,124.7,124.76,471268
cbg,2017-04-25,34.6,34.64,34.3,34.3,1633823
unp,2014-10-17,105.95,106.975,105.64,106.4,7120331
dhr,2014-11-19,82.58,82.77,82.15,82.57,1487542
atvi,2015-04-14,22.79,22.955,22.62,22.92,3516211
ice,2015-05-01,44.85,45.612,44.808,45.164,2440625
hst,2015-09-04,17.32,17.43,17.07,17.2,4299054
aee,2014-12-03,43.48,43.93,43.35,43.85,1383693
sbux,2014-07-14,39.49,39.49,39.21,39.28,4562120
tap,2014-07-14,73.96,74.69,72.88,72.96,1493838
ci,2015-06-23,163.23,164.85,161.67,164.75,6580693
noc,2017-11-13,297.73,298.96,294.44,298.48,656120
amgn,2016-02-11,140.76,143.485,140.04,141.46,4374353
mmc,2015-09-14,54.07,54.15,53.66,53.96,2915859
ctsh,2014-01-07,49.28,49.75,49.28,49.56,3064862
cern,2015-04-10,74.49,75.12,74.01,75.0,1615972
pwr,2014-04-11,35.91,35.98,35.27,35.28,2016645
mmm,2016-12-06,171.82,172.03,171.23,171.8,1467548
hcn,2017-06-13,73.96,74.34,73.67,74.14,1555454
cvx,2017-11-09,115.9,117.5,115.62,117.24,5101638
pnr,2015-05-08,62.62,62.88,62.048,62.08,877138
iqv,2017-07-14,89.26,89.57,88.83,89.38,464484
pdco,2016-02-25,43.79,45.51,43.495,45.09,2234650
swks,2016-09-02,75.25,75.43,74.21,74.62,1509550
nke,2017-09-05,53.25,53.47,52.88,53.01,6689126
adi,2015-10-22,63.28,63.95,62.42,63.4,3499184
bmy,2017-01-12,56.5,56.78,56.015,56.55,9977917
chtr,2014-03-18,126.66,128.05,125.8,125.99,831186
cmg,2014-09-09,679.1,679.1,669.27,669.95,282760
cb,2016-01-20,110.0,111.6,108.1868,110.69,6027427
rcl,2016-01-05,96.39,97.6799,96.3,96.54,2198193
pypl,2017-02-13,40.83,41.3,40.74,41.17,6260907
hum,2014-03-31,113.77,113.88,111.15,112.72,1267112
psa,2016-12-20,220.27,221.4,216.45,217.84,810443
wu,2017-06-01,19.09,19.52,19.07,19.44,5124638
vfc,2017-09-11,62.76,63.39,62.66,63.36,1396696
ca,2017-11-28,32.67,32.81,32.4,32.69,1676665
pvh,2015-08-25,110.15,113.285,109.05,109.22,2034893
trv,2016-12-09,118.7,119.19,117.87,119.19,2138835
mrk,2017-09-07,64.09,64.42,63.785,64.32,6856376
ms,2014-11-06,35.05,35.4,34.86,35.31,8892057
aiv,2015-03-20,40.1,41.22,39.98,41.19,1832819
len,2017-09-28,50.2941,51.2353,50.1961,51.2059,1977706
kmx,2017-12-12,68.0,68.15,66.82,66.86,1379637
ccl,2015-08-11,51.92,52.33,51.67,52.19,3559414
wmb,2017-08-22,29.12,29.63,29.1,29.5,2909944
de,2016-07-11,80.97,81.4,80.49,80.99,2314715
pnc,2016-03-22,85.59,86.49,85.26,85.85,1987145
jnj,2016-12-07,111.89,111.89,109.32,111.1,11761134
emr,2014-04-10,67.04,67.3,65.935,66.05,3769723
ben,2015-06-25,50.66,50.74,50.15,50.31,2067058
pnr,2016-11-25,57.8,58.07,57.44,58.06,465386
peg,2017-05-10,43.0,43.07,42.465,42.7,4261486
eqix,2014-08-21,220.94,224.48,219.69,223.58,445776
wdc,2014-12-11,108.19,109.09,107.23,108.04,1908958
alxn,2014-01-27,133.38,135.07,126.761,129.82,1911510
avb,2015-09-24,170.84,171.73,167.96,169.34,788350
ntrs,2016-11-10,77.49,79.78,76.87,78.52,3109624
ew,2015-04-14,71.505,71.825,70.6458,71.375,1247418
wec,2016-07-11,64.63,64.98,63.87,64.91,1496103
ntrs,2017-06-12,91.75,92.56,91.31,91.91,1135325
kim,2015-03-30,26.72,27.1,26.54,27.03,3024874
zts,2016-11-29,50.03,50.58,50.03,50.45,2314144
coo,2015-09-25,154.14,154.99,148.8,149.86,702352
aph,2015-11-25,54.67,54.95,54.61,54.76,604710
m,2014-10-10,56.48,57.335,55.912,56.68,4863559
akam,2017-06-08,48.55,48.94,48.3,48.91,1371431
nsc,2017-01-27,120.18,120.62,118.95,120.35,2190038
nclh,2017-08-24,57.33,57.905,57.29,57.73,1563125
pki,2014-04-24,44.7,44.93,44.0401,44.31,992351
xel,2017-07-26,46.65,47.27,46.55,47.27,2420568
mat,2016-05-11,31.08,31.21,30.715,30.92,3160320
swk,2015-09-04,97.81,98.37,97.25,97.79,806833
wu,2015-10-16,18.96,19.09,18.9,19.08,2698784
biib,2017-03-31,269.3,275.0,268.02,273.42,2747445
bbt,2016-12-30,46.95,47.13,46.72,47.02,3467450
mos,2016-03-02,26.75,28.42,26.63,28.15,6645111
wu,2014-08-22,17.62,17.68,17.45,17.5,4846514
pdco,2017-08-04,40.11,40.18,38.75,39.23,1086763
pfg,2015-11-20,50.99,51.14,50.68,50.83,758999
key,2015-04-15,14.07,14.29,14.06,14.19,10846257
col,2017-11-16,132.1,132.78,132.03,132.61,1098007
atvi,2014-10-28,19.12,19.32,19.08,19.23,8264476
dltr,2014-07-11,55.43,55.51,54.67,55.25,1343666
txn,2016-09-09,68.19,68.42,66.67,66.67,6995646
srcl,2014-01-29,114.14,117.45,113.9,115.5,840328
txn,2015-02-27,59.49,59.49,58.72,58.8,6494867
pfg,2015-04-02,50.98,51.58,50.88,51.41,786327
mchp,2017-05-19,79.48,80.42,79.37,80.18,1766677
foxa,2016-03-04,27.88,27.93,27.3649,27.8,8656373
aee,2014-11-24,42.8,42.94,42.41,42.48,1060916
algn,2017-10-19,194.23,196.89,191.8,196.85,928081
lrcx,2016-05-03,75.73,76.285,75.36,75.73,3325598
csx,2016-11-18,33.89,34.14,33.82,34.0,8719796
pru,2014-08-07,87.61,90.36,86.06,86.41,3554796
lkq,2016-01-14,25.38,26.065,25.28,25.82,2535058
nclh,2016-08-17,37.8,38.66,37.5,38.66,2143322
ppg,2014-02-12,93.015,93.535,92.625,92.88,1361850
cl,2017-10-13,75.48,76.03,75.26,75.99,3761301
reg,2017-03-15,64.89,67.24,64.56,66.77,2616137
rost,2017-08-16,53.88,54.4508,53.39,54.37,3615304
mo,2014-12-17,49.54,50.2,49.135,49.94,7948775
lrcx,2017-05-12,149.71,150.13,148.08,149.58,1575472
uaa,2014-12-19,35.395,35.5,34.5207,34.545,6483280
avgo,2017-05-31,242.52,242.89,237.56,239.48,4482984
ppl,2015-02-12,34.74,34.96,34.62,34.85,4995779
kss,2014-07-22,52.32,52.55,51.51,51.66,2978191
emr,2014-03-24,65.44,65.85,64.93,65.39,4184003
fisv,2014-03-13,58.77,58.92,57.21,57.46,1135069
dgx,2017-12-18,99.21,99.7,98.59,98.73,1023733
ntrs,2015-10-13,68.94,69.0,68.18,68.44,890707
tss,2017-04-06,52.77,53.18,52.59,52.86,764503
chrw,2014-06-23,64.03,64.04,63.655,63.81,1183795
pkg,2016-06-14,65.9,65.99,64.83,65.69,1050378
rht,2016-01-26,70.75,71.63,69.94,70.96,2359053
azo,2014-01-03,474.28,478.58,472.784,475.5,193458
glw,2014-12-23,22.74,23.27,22.74,23.14,8320346
hst,2015-03-18,20.97,21.44,20.78,21.38,9239665
fisv,2014-02-10,54.87,55.0,54.04,54.78,3741449
mhk,2015-03-24,180.79,184.68,180.43,181.48,631290
pbct,2016-01-05,15.8,15.88,15.64,15.76,3561200
hp,2015-07-27,55.18,56.34,54.2,55.64,3164557
csra,2017-01-25,32.49,32.61,32.09,32.12,671328
intu,2015-11-16,96.89,97.5742,95.98,96.9,1599179
cnc,2014-08-06,35.75,36.93,35.4881,36.72,1440730
idxx,2015-04-13,76.58,77.35,76.325,76.405,220642
acn,2016-01-27,102.67,103.6,101.33,101.96,3044295
hig,2015-03-19,42.71,42.77,42.37,42.57,2458284
csx,2014-03-06,28.61,28.87,28.57,28.73,5003617
fl,2015-08-11,72.86,73.57,72.38,73.32,1348826
ulta,2017-03-21,286.2,286.43,280.93,281.28,588070
ivz,2016-09-21,30.74,30.915,30.41,30.84,3189418
wynn,2017-03-30,115.29,115.73,113.8,114.3,1686358
mrk,2014-02-10,54.29,55.0,54.22,54.89,10615310
cci,2015-11-23,87.17,87.78,86.955,87.4,2102580
ilmn,2017-11-03,207.88,214.18,207.225,213.99,635172
pxd,2015-01-23,152.38,156.06,151.9301,152.86,1789571
bxp,2015-08-07,121.17,121.42,119.39,120.17,868773
twx,2015-06-17,87.1,87.63,86.97,87.22,3515030
qrvo,2015-06-17,84.81,85.07,83.09,84.56,1894035
flr,2016-01-12,42.43,42.67,41.68,42.4,2145936
dltr,2017-04-27,81.73,83.14,81.4858,83.13,3065563
exc,2014-05-09,36.47,36.72,36.19,36.2,6544362
adp,2014-10-27,76.25,76.5999,75.95,76.47,1103391
key,2014-10-06,13.6,13.63,13.4,13.4,11491530
ups,2017-02-14,108.68,109.34,107.62,108.99,5878825
hrb,2016-06-17,23.34,23.56,23.03,23.22,5886009
cog,2015-03-12,28.09,28.23,27.65,27.85,4956081
ame,2015-11-03,55.33,55.97,55.17,55.72,1347592
o,2016-12-20,57.42,57.58,56.28,56.76,1682859
uhs,2016-10-25,124.17,125.27,121.56,121.6,921785
coty,2017-09-22,16.05,16.16,15.95,16.15,9265338
ups,2015-10-06,101.895,101.94,100.81,101.43,2339027
tmk,2017-03-20,78.52,78.89,78.06,78.42,444780
bsx,2015-06-05,17.9,17.915,17.72,17.85,5828118
amg,2014-08-12,196.37,197.89,195.9,196.93,288355
ice,2014-03-13,41.834,41.902,40.688,40.81,3517780
sni,2017-04-12,76.71,77.05,75.33,75.43,1221131
de,2016-07-26,78.68,79.99,78.56,78.99,4139767
mmm,2014-09-22,146.92,147.0,145.5,145.71,2231009
hrl,2016-09-07,38.58,38.64,37.85,38.06,1956575
tss,2016-11-01,50.05,50.05,48.97,49.32,1022367
vtr,2016-01-04,56.0,56.8,55.51,56.74,2820856
wy,2017-04-18,34.78,35.005,34.665,34.76,2657614
atvi,2015-09-21,31.11,31.65,31.11,31.52,8411014
ctsh,2015-01-07,51.21,52.6844,51.21,52.65,4411350
pld,2017-01-30,49.33,49.38,48.63,48.74,3636138
ca,2015-02-04,31.08,31.52,30.93,31.51,4415656
aig,2014-08-29,55.95,56.09,55.74,56.06,4420085
trip,2015-10-06,67.2,68.16,66.76,66.84,1515108
emr,2014-03-05,65.12,65.3,64.955,65.06,2234706
pdco,2014-03-21,41.93,41.95,41.1,41.14,679559
bk,2017-12-19,54.94,55.0,54.17,54.2,4306933
len,2014-05-21,37.3235,37.598,37.0784,37.5294,1950458
mu,2014-03-17,24.11,24.1699,23.85,23.93,17778739
len,2015-09-09,51.7745,51.9216,50.549,50.6372,2654486
mar,2016-09-28,67.04,67.44,66.7,67.38,4599161
atvi,2014-04-10,19.8,19.85,19.275,19.38,5036878
luk,2017-11-01,25.5,25.75,25.17,25.33,1054261
cop,2017-05-26,45.33,45.4,44.68,45.35,10758924
vfc,2014-09-16,65.91,66.63,65.8,66.34,2045724
pg,2014-09-02,83.21,83.49,82.71,82.98,5528875
expe,2015-02-27,93.18,93.57,91.635,91.75,1663468
amgn,2014-09-23,141.84,142.4,140.57,140.68,2320925
rsg,2015-10-28,43.6,43.77,43.22,43.69,1276365
unm,2017-06-15,46.81,47.39,46.77,47.25,842901
txt,2017-08-24,48.07,48.18,47.72,47.94,918482
foxa,2017-01-19,30.16,30.37,29.71,29.8,9174522
xlnx,2014-12-24,43.98,44.3301,43.86,44.085,703703
len,2014-10-14,37.3235,38.3823,37.1912,37.6176,3713203
pki,2017-08-17,64.54,64.82,63.6,63.66,433561
sti,2017-02-03,57.74,58.09,57.28,57.97,3045707
cbg,2015-08-19,37.45,37.56,36.9,37.31,1570386
usb,2017-11-01,54.58,54.74,54.26,54.48,4642631
amzn,2014-04-17,319.76,328.66,319.76,324.91,4300378
pcg,2016-10-21,60.53,60.71,60.05,60.31,1312897
fast,2016-12-30,47.49,47.65,46.66,46.98,1471841
rtn,2017-11-30,189.16,191.35,188.6501,191.15,3122699
googl,2015-01-26,541.5,541.5,532.07,536.72,1546563
gd,2016-08-04,147.96,148.38,146.82,147.37,1398653
wba,2016-08-19,82.32,82.825,82.015,82.59,2757209
nlsn,2015-07-21,45.6,45.65,45.19,45.33,991467
jnj,2015-02-27,103.04,103.33,102.48,102.51,8500014
cost,2015-05-08,146.0,147.56,145.8,145.88,1728677
fl,2015-06-22,64.43,65.0,64.02,64.88,987616
gps,2016-02-01,24.49,24.86,24.15,24.74,5387780
d,2015-02-09,75.72,78.15,74.71,75.23,4549670
navi,2017-05-04,15.5,15.67,15.115,15.16,1848106
bmy,2015-12-07,69.0,69.45,68.48,68.84,4865506
whr,2017-03-24,170.65,171.6,169.4,170.0,527792
aon,2017-02-08,113.71,114.43,113.2201,114.36,752781
xom,2017-02-08,81.99,82.12,81.17,81.48,14006281
dre,2015-01-13,21.45,21.57,21.08,21.25,2194681
symc,2016-01-14,20.3,20.55,20.19,20.48,7983703
blk,2014-08-19,319.52,321.85,318.81,321.55,708865
hes,2017-10-13,44.74,45.4,44.63,44.99,2619759
lh,2016-09-06,137.91,138.37,137.42,138.37,723969
chd,2014-07-29,33.1,33.335,33.03,33.06,1688248
slb,2015-01-07,82.55,82.66,80.53,81.71,7951588
ca,2015-09-25,27.68,27.92,27.15,27.36,2747792
amzn,2015-11-10,651.01,660.0,647.262,659.68,3489483
jpm,2015-06-15,67.58,68.21,67.3,67.99,14082323
xel,2015-03-30,34.45,34.91,34.34,34.74,2879041
aal,2017-11-21,47.89,48.92,47.54,48.65,2796204
pfg,2017-11-06,68.03,69.455,68.0,69.22,1026746
bf.b,2015-12-31,50.625,50.625,49.625,49.64,1300442
slb,2016-12-23,86.03,86.27,85.23,85.51,2894275
tel,2014-08-26,63.2,63.2,62.82,62.97,850635
bax,2017-03-10,52.28,52.33,51.755,52.01,2320992
are,2016-06-24,97.43,100.03,96.63,99.36,649109
exr,2014-07-14,53.2,53.56,53.02,53.54,499274
disca,2016-03-23,28.8864,28.8864,27.52,27.81,3373022
pnc,2015-08-24,87.7,90.3899,82.77,88.83,4890533
etn,2014-04-08,73.51,73.82,72.78,73.38,3352231
pvh,2015-09-18,113.47,114.17,111.32,111.61,818930
viab,2017-07-31,35.72,35.76,34.26,34.92,5908375
aiv,2015-04-02,38.95,39.2,38.79,38.96,2475091
amat,2014-09-03,23.0,23.06,22.84,22.9,12940767
amg,2014-08-15,199.7,199.78,195.97,197.98,326644
hog,2017-11-10,45.7,47.41,45.55,47.3,4136909
mpc,2017-08-18,49.62,50.54,49.43,50.11,3661324
emr,2015-05-05,57.61,58.87,57.5,58.4,8422721
pg,2016-09-06,88.25,88.64,87.88,88.64,14472067
luk,2015-07-06,24.32,24.48,24.16,24.4,2521839
fe,2015-07-09,33.91,34.14,33.33,33.47,1615742
cms,2017-05-02,45.29,45.49,45.11,45.32,2017320
rrc,2017-07-03,23.25,23.59,23.21,23.49,2745518
nvda,2017-12-20,197.7,198.07,194.55,196.8,7220456
cma,2016-01-14,36.74,37.205,35.985,36.93,3435865
lnc,2014-12-01,56.09,56.43,55.13,55.61,2601262
ups,2014-09-19,100.04,100.39,99.44,99.44,3901581
nflx,2017-10-10,197.85,198.3,192.1,195.08,6233823
eqt,2016-09-01,71.05,72.275,70.755,71.74,1146411
m,2016-08-25,39.52,40.29,39.07,39.25,8484615
px,2016-03-09,108.42,109.35,107.85,109.06,1416002
cfg,2016-09-13,24.72,24.79,24.22,24.62,6656558
cf,2016-12-16,28.58,29.61,28.22,29.48,10461747
fls,2017-11-16,38.78,39.22,38.66,39.08,1478557
ipg,2014-04-22,17.52,17.93,17.3,17.36,11310861
incy,2017-08-11,122.74,125.08,122.27,124.1,898025
fe,2015-09-15,30.93,31.34,30.65,31.19,3405850
sig,2014-10-03,113.37,117.02,113.04,116.21,638184
mro,2014-12-02,28.9,30.13,28.74,29.73,13241433
vlo,2014-07-15,49.24,50.81,49.24,50.28,13465425
abt,2015-10-05,41.62,41.78,41.02,41.39,8789275
dri,2014-04-11,49.2,49.47,48.44,48.46,1367935
dvn,2014-10-27,58.45,58.48,56.85,57.33,4785904
mcd,2014-05-29,101.27,101.49,100.87,101.34,4124605
lll,2015-05-05,115.07,115.25,112.88,113.38,755060
eix,2016-11-16,69.57,69.73,68.54,68.84,1027447
irm,2015-08-28,28.18,28.56,27.95,28.54,1803771
duk,2017-06-09,85.1,85.75,84.917,85.72,2264839
amzn,2014-08-19,334.87,335.81,333.01,335.13,1714120
wy,2014-02-14,30.32,30.53,30.27,30.45,2175070
lly,2015-04-20,73.0,73.26,72.295,72.41,2540441
lnt,2014-01-06,25.095,25.29,25.0,25.245,1692696
csco,2015-04-15,28.1,28.42,27.97,28.25,31160911
adbe,2015-04-21,74.31,74.88,74.21,74.62,1894585
cost,2017-06-27,160.66,161.55,159.2,159.26,5533814
ame,2016-12-01,47.72,49.73,47.5208,49.4,5589457
var,2015-12-28,80.71,81.25,80.4,81.09,406823
see,2014-10-24,33.0,33.53,32.58,33.5,1198216
fdx,2017-07-17,215.25,216.47,211.53,215.48,2838896
kmi,2014-12-16,37.87,39.09,37.06,38.07,27586407
ulta,2017-06-13,301.68,303.02,299.02,302.69,532158
myl,2014-08-13,44.97,45.55,44.8,45.39,5385968
rsg,2015-08-27,41.25,41.4,40.61,41.29,1549036
qrvo,2017-07-28,68.87,69.35,68.37,69.0,789364
nwl,2016-11-30,47.54,48.02,46.47,47.01,9197261
lll,2017-11-01,187.8,188.17,185.28,185.55,485973
sni,2014-12-11,77.76,78.73,77.15,77.22,643725
chtr,2015-10-27,183.9,185.5,180.72,181.09,1217390
ebay,2015-03-19,56.81,58.34,56.69,57.875,13573341
cci,2016-03-22,85.87,86.27,85.7,86.0,2088987
prgo,2014-08-11,144.68,144.68,142.19,142.25,892908
bsx,2017-10-09,29.41,29.54,29.27,29.33,4343509
sig,2014-01-13,71.27,71.6,69.49,70.12,1866134
vrtx,2015-12-29,124.97,129.18,124.324,127.87,1168555
ben,2014-05-05,52.55,52.855,52.01,52.5,1308256
utx,2015-03-10,120.55,120.98,117.34,117.4,5583789
xl,2015-09-11,36.55,37.12,36.34,36.99,2298488
cop,2014-03-13,66.78,66.84,66.09,66.32,4531924
bbt,2017-01-11,46.5,46.79,46.37,46.77,9262558
hsic,2016-06-24,85.7,86.7999,85.155,85.435,1298494
dhr,2016-10-28,78.32,78.98,77.82,78.19,2599861
apa,2014-04-22,85.38,86.4,84.78,86.2,3000882
el,2016-09-16,87.49,88.03,87.31,87.72,1752585
hcp,2015-12-28,37.74,38.265,37.55,38.21,2241343
kmb,2015-11-10,117.81,119.2,117.5,118.92,992928
gww,2017-04-17,222.58,223.78,221.81,222.97,1037098
gpc,2015-01-29,95.67,95.77,94.52,95.42,1363182
rht,2015-10-30,78.86,79.79,78.52,79.11,1511340
dwdp,2017-12-29,71.81,71.85,71.22,71.22,4745557
uri,2014-04-07,91.35,91.44,85.01,85.66,4121544
phm,2017-08-29,25.11,25.387,25.04,25.31,3058256
rok,2017-08-04,165.63,166.05,164.75,164.9,536349
wec,2016-04-12,58.82,59.17,58.62,59.13,1250052
aiv,2017-10-27,43.34,44.545,43.34,44.37,1599794
cfg,2017-03-15,37.4,37.63,36.65,36.78,5339984
apd,2016-05-31,143.68,143.68,142.27,142.64,684900
see,2016-12-12,48.18,48.53,47.55,47.87,967653
ew,2015-08-21,70.925,71.094,69.905,69.935,2851606
omc,2016-01-04,74.39,74.44,72.81,73.57,2150743
dfs,2017-08-29,58.52,58.67,58.125,58.45,2706905
so,2017-07-24,47.86,47.88,47.24,47.25,4513314
acn,2016-09-08,114.43,114.56,112.25,112.3,3078476
wfc,2016-10-28,46.57,46.64,45.88,46.23,20882042
tmk,2017-12-13,89.67,90.35,89.27,89.31,769830
fe,2014-12-24,39.14,39.86,39.03,39.74,2370674
intc,2015-07-01,30.49,30.55,30.01,30.18,27178920
pcg,2016-05-04,58.7,59.59,58.66,59.14,3680926
dis,2015-07-07,116.42,117.19,114.86,117.1,8359934
kss,2015-06-23,63.78,64.59,63.76,63.9,2113175
wrk,2017-09-11,56.95,58.0,56.78,57.75,2301523
all,2014-06-25,58.84,58.99,58.67,58.71,1903847
aos,2014-01-10,26.33,26.4,26.24,26.265,1130588
l,2015-12-24,38.5,38.61,38.18,38.47,410346
ipg,2016-02-29,21.38,21.75,21.33,21.39,4497145
pep,2016-01-25,95.92,96.83,95.53,95.94,4407002
v,2014-07-01,52.9875,53.8375,52.9575,53.5625,10995284
jbht,2017-05-11,86.5,86.665,85.68,86.07,1118777
ayi,2014-02-21,136.56,137.01,135.32,135.44,273898
fe,2017-05-04,28.89,29.07,28.7843,28.87,4818603
zbh,2017-03-09,117.84,119.45,116.96,119.18,1116468
ba,2015-06-25,143.27,143.76,142.34,142.45,2153754
hsy,2017-06-02,115.27,116.0,114.7618,115.88,1058753
xl,2014-09-09,33.85,33.87,33.57,33.71,1099870
zbh,2016-09-15,123.39,125.72,122.941,124.89,1096090
cmi,2015-02-13,136.75,139.36,136.65,139.04,1938835
nov,2014-12-11,62.98,64.62,62.6902,63.01,4628278
trip,2017-01-27,52.46,52.46,51.67,52.0,812887
ni,2015-09-08,16.41,16.75,16.41,16.63,2914839
apd,2016-06-14,143.96,144.42,142.85,143.9,884403
iff,2015-12-11,116.69,117.795,115.635,116.12,1034195
gww,2016-07-25,217.76,219.435,216.75,218.3,503187
fast,2017-06-13,43.83,44.12,43.235,43.42,3305792
etfc,2015-12-07,30.61,30.685,29.9,30.12,2946842
flr,2016-11-10,49.5,50.79,49.5,50.4,2830097
pkg,2017-09-15,115.56,116.08,114.5,115.88,2177654
abbv,2014-11-03,63.66,63.9,62.94,63.25,8251001
exc,2017-08-25,38.49,38.59,38.29,38.3,3193260
fti,2014-09-22,55.08,55.25,53.94,54.55,1608992
rhi,2015-10-16,53.31,53.48,52.65,53.19,666420
aep,2014-07-14,54.39,54.56,53.53,53.6,3134203
hban,2014-10-14,9.48,9.58,9.42,9.51,10875315
nflx,2014-03-05,64.8556,65.2628,64.5585,64.7856,10881465
gpn,2017-12-06,96.65,98.48,96.34,97.19,1630742
emn,2016-08-02,64.89,64.93,63.65,64.12,1748517
wm,2014-05-15,43.89,44.09,43.69,43.95,2292523
wm,2015-03-12,52.72,53.19,52.71,53.09,1974612
pbct,2017-08-17,16.97,17.07,16.605,16.63,2264783
lb,2017-08-09,42.44,43.07,41.75,42.66,2424231
fmc,2014-12-02,53.6,54.25,53.52,54.07,1158164
vmc,2017-07-25,127.29,128.26,126.43,127.1,876131
leg,2015-07-29,49.42,49.99,49.37,49.79,703128
k,2015-11-30,69.36,69.4489,68.725,68.77,3140344
fti,2014-07-16,60.7,61.39,60.44,61.38,1187199
gps,2014-01-13,39.56,39.61,38.13,38.25,7394789
ctsh,2015-07-20,60.86,60.86,60.31,60.49,1499743
frt,2015-08-11,134.8,136.24,134.46,135.33,523344
nws,2015-03-02,16.82,17.07,16.82,17.0,637188
ivz,2017-12-20,36.94,37.05,36.41,36.52,1786416
sig,2017-10-16,60.02,61.21,60.02,60.6,1029161
cnc,2017-04-04,71.69,71.87,69.2,69.77,2923495
hlt,2017-12-08,77.61,78.395,77.5,78.38,2142533
cpb,2017-06-08,57.4,57.48,56.6,56.66,1236787
akam,2015-01-22,60.37,60.64,59.46,60.64,1384106
txn,2017-08-03,81.3,81.73,80.965,81.36,2748469
nem,2014-07-22,25.33,25.5491,25.24,25.41,4119610
cbg,2016-11-15,28.4,28.65,28.14,28.63,2002389
v,2015-08-18,74.26,74.73,74.01,74.47,6325531
slb,2014-05-08,101.84,102.12,100.17,100.28,4374979
fisv,2017-07-14,123.67,123.86,123.31,123.61,514255
rop,2016-08-03,169.5,170.29,168.49,169.07,489918
de,2014-11-19,87.24,87.33,86.18,86.33,2854928
trv,2014-02-18,84.08,84.79,84.07,84.37,2531473
eqr,2016-06-10,64.02,64.56,63.56,64.42,2384249
yum,2014-01-08,76.68,77.33,76.21,76.53,4448753
cbg,2015-03-24,36.44,36.49,36.04,36.06,908175
ge,2014-02-14,25.42,25.85,25.38,25.74,25088460
iff,2017-12-20,154.39,154.755,152.99,153.07,205001
coty,2016-11-28,20.01,20.01,19.73,19.75,8169672
wu,2015-07-27,18.59,18.6226,18.33,18.36,3417091
uhs,2014-05-01,82.17,84.02,81.4001,83.32,904125
awk,2017-03-15,75.52,77.46,75.24,77.22,760622
nee,2016-06-10,123.92,124.85,123.12,123.83,1472419
vz,2017-06-28,44.98,45.23,44.68,44.84,18703647
cbg,2016-09-06,30.0,30.13,29.5,29.77,1826845
fbhs,2016-02-22,49.99,50.42,49.73,50.26,1649725
amt,2014-12-05,101.49,101.87,100.27,100.54,2124543
goog,2016-02-09,672.32,699.9,668.77,678.11,3608914
csco,2015-02-02,26.39,26.87,25.92,26.83,29416981
holx,2016-07-08,35.63,36.03,35.52,35.93,1887656
hcn,2017-03-30,70.73,70.98,70.25,70.78,1818718
cme,2016-01-28,87.17,87.9,86.06,87.09,2107452
ctxs,2017-02-16,80.43,80.74,79.46,79.94,2195346
glw,2015-04-24,22.85,22.87,22.44,22.52,7346387
ma,2015-12-09,98.61,99.93,97.49,97.82,5111255
apd,2017-04-24,137.91,139.9,137.91,139.76,1006799
dte,2016-09-15,91.62,92.44,91.11,92.32,972461
pru,2014-08-19,89.68,89.89,89.22,89.26,1713021
eqix,2014-05-28,197.75,199.67,197.17,198.52,768959
ksu,2016-08-18,97.55,98.75,97.36,98.35,1029293
frt,2015-04-16,139.01,140.2794,138.3803,139.25,355725
alxn,2016-03-22,129.91,135.9199,129.82,135.71,2203652
see,2015-05-27,49.19,49.98,49.03,49.87,1265746
sig,2016-09-07,81.38,82.57,80.82,82.48,743115
gis,2014-12-10,52.51,52.53,51.95,51.99,2518730
hcp,2014-07-17,41.81,41.97,41.72,41.85,1832769
ir,2014-02-10,59.7,59.87,58.88,59.08,2606916
ndaq,2016-08-12,69.88,70.25,69.64,70.15,947101
nrg,2016-03-21,13.67,14.0,13.49,13.56,4556774
ndaq,2016-01-26,57.09,58.62,56.76,58.53,1382065
wltw,2017-07-14,145.33,147.1,144.62,146.48,475846
adp,2014-06-02,79.65,79.92,79.15,79.38,980440
cb,2014-01-24,94.18,94.18,92.19,92.19,2533893
bxp,2014-11-21,127.74,128.39,127.27,128.38,1665321
hd,2016-07-25,136.55,136.85,136.15,136.5,3352553
lh,2017-06-20,142.27,146.13,142.27,144.45,1247944
ko,2016-08-12,43.91,44.19,43.79,44.03,10928925
utx,2017-04-03,112.28,112.48,111.24,111.93,2123043
holx,2016-04-21,37.41,38.085,37.25,37.5,4524164
v,2015-06-24,69.11,69.4,68.76,68.86,4670595
rmd,2017-11-29,84.82,85.49,84.82,85.25,406455
aap,2017-09-12,92.31,97.95,91.46,97.26,2286783
cmg,2014-03-19,588.52,598.4599,588.52,596.5,442695
coty,2015-08-03,26.72,27.01,26.54,26.83,1065542
fl,2015-07-16,69.61,70.06,69.0,69.93,1023537
expe,2016-08-04,111.62,114.2,111.01,113.51,1941582
regn,2016-10-17,367.8,371.5,364.5,366.73,498012
glw,2015-03-13,22.96,23.12,22.64,23.0,7769035
all,2016-11-16,71.0,71.08,70.095,70.72,2453653
vrsn,2015-10-06,75.11,75.17,72.99,73.27,1898031
pcln,2014-07-29,1245.69,1255.84,1242.35,1246.61,701276
bf.b,2014-07-11,46.995,47.08,46.57,46.925,365050
amt,2017-07-03,132.62,133.17,130.82,131.41,1252798
sre,2015-12-22,94.41,94.41,93.16,93.92,1007995
nfx,2016-04-12,34.75,35.89,34.1,35.67,5031310
gt,2014-11-21,26.5,26.74,26.31,26.475,3098016
var,2017-11-06,105.47,106.36,105.1,106.18,875731
mas,2014-04-10,22.01,22.09,21.56,21.59,4443770
aph,2016-09-15,61.8,62.99,61.76,62.79,1136518
lly,2017-11-30,85.25,85.48,84.32,84.64,5002100
whr,2015-06-03,188.31,189.46,186.79,189.25,717068
ajg,2017-03-06,56.42,56.7,56.3,56.4,662124
nlsn,2015-06-26,45.73,46.85,45.6,46.22,8506373
akam,2017-05-10,50.47,50.5,49.65,49.85,3708313
nwsa,2017-11-20,15.83,15.83,15.62,15.67,2456257
unp,2017-05-19,107.4,108.13,106.8361,107.05,3600665
sti,2014-03-05,38.2,38.74,38.14,38.56,2941137
nwsa,2016-08-17,13.69,13.77,13.64,13.76,2984256
rtn,2015-12-02,124.0,125.2799,123.63,123.8,1967072
abt,2014-04-02,38.12,38.64,38.07,38.58,6340897
foxa,2017-12-22,35.09,35.35,34.88,35.24,6566619
ko,2014-08-11,39.52,39.87,39.52,39.57,14102644
xyl,2017-01-11,49.25,49.5,49.01,49.4,1974591
dis,2016-12-16,104.71,104.725,103.75,103.91,12635516
nov,2017-09-21,35.33,35.415,35.0507,35.2,2025668
mpc,2016-11-17,43.85,44.29,43.19,43.36,3985346
fti,2015-09-17,35.02,35.33,34.29,34.6,3012405
mtd,2017-02-27,475.9,477.44,474.88,475.35,109725
rcl,2017-10-02,118.38,119.22,117.55,119.12,1617537
mhk,2016-08-02,209.94,211.5,206.73,208.29,576012
dis,2016-06-16,97.8,98.63,96.86,98.38,7129696
dgx,2014-03-05,52.26,52.4,52.03,52.1,1800615
apa,2016-09-07,56.97,58.99,54.78,55.13,14583568
gww,2014-03-04,256.0,256.475,253.42,254.9,416048
amp,2014-10-14,112.33,113.19,111.3,111.8,960014
atvi,2016-02-12,28.66,29.04,26.49,28.12,42849840
ctxs,2017-02-21,80.52,81.1,80.18,80.77,2540382
adsk,2017-12-26,103.45,104.15,103.19,103.8,1322563
flir,2015-10-30,26.53,26.87,26.475,26.67,2130575
cop,2016-02-08,31.95,34.5,31.68,34.43,21946207
rost,2017-04-12,64.08,64.09,63.645,63.73,2225369
maa,2014-03-11,66.59,67.26,66.57,66.91,328070
avb,2014-11-21,157.64,158.16,157.01,157.43,849627
jpm,2016-03-28,59.53,59.75,59.18,59.4,11159717
slb,2014-01-10,86.08,88.195,85.77,88.17,8421604
ci,2016-02-16,131.78,134.36,130.65,134.18,851445
hp,2014-10-24,88.15,88.29,85.17,86.98,1294197
cmcsa,2014-08-14,27.095,27.21,27.04,27.185,13077104
txn,2017-11-24,98.2,99.33,98.19,99.3,1288450
cmg,2016-02-24,519.77,522.87,512.66,514.86,1040268
kmb,2017-12-08,119.64,120.23,118.81,120.11,1520594
disca,2017-08-28,22.71,23.31,22.7,22.81,4610439
mdlz,2016-01-21,40.82,40.91,40.0,40.33,9487335
jec,2017-05-25,53.18,53.2,52.46,52.59,841458
c,2014-09-30,52.08,52.49,51.63,51.82,21787720
nclh,2017-05-22,49.24,50.62,49.11,50.51,1928255
trow,2014-05-06,81.04,81.45,80.28,80.31,781149
mrk,2015-01-20,62.71,63.3,61.88,62.61,13109494
zion,2014-08-25,28.93,29.37,28.93,29.15,1342479
twx,2016-01-15,69.01,70.545,68.94,69.65,9868850
reg,2017-09-18,64.87,64.98,63.72,63.95,978451
rost,2017-09-05,58.75,59.37,58.7,58.99,2921455
fe,2015-05-14,34.73,35.08,34.73,34.95,1868310
ess,2016-10-20,208.26,210.49,207.03,207.5,275750
luv,2017-06-07,59.49,60.345,58.41,59.96,6816735
swk,2015-12-14,107.31,108.78,107.17,108.73,1554478
vrtx,2015-10-15,113.07,115.88,111.47,115.79,2010335
ecl,2016-07-22,119.74,120.3881,119.412,120.02,573009
pki,2017-02-23,55.37,55.445,54.62,55.11,554034
amd,2016-12-28,12.28,12.42,11.46,11.55,71254459
gpc,2017-07-31,84.1,85.04,84.0691,84.93,1976105
vz,2015-10-29,46.49,46.56,46.0,46.4,7902323
celg,2014-03-07,79.06,79.25,75.79,78.28,11707872
nflx,2016-08-31,97.48,97.88,96.76,97.45,4690614
xom,2014-10-27,93.85,93.85,92.77,93.71,11394514
nee,2016-11-15,114.3,115.34,113.75,115.03,4499902
googl,2015-06-18,548.0,557.25,548.0,556.18,2059603
ups,2017-10-16,118.61,118.69,117.46,118.34,1247290
iff,2014-06-27,102.84,104.44,102.79,104.37,282581
ge,2014-09-03,25.98,26.0,25.82,25.95,19962188
axp,2014-11-25,91.2,91.58,90.76,91.4,3313706
mgm,2016-07-05,22.51,22.62,22.355,22.55,4630114
all,2014-02-24,53.59,54.3,53.25,53.86,3995921
lb,2017-01-30,58.96,59.23,58.4,58.71,4928801
gild,2014-12-02,101.17,102.78,101.02,102.19,15568198
nrg,2017-02-03,16.74,17.56,16.57,17.08,11968852
dte,2014-12-02,81.23,82.38,80.71,82.27,988967
see,2017-05-09,45.48,45.5899,42.16,42.3,11341075
hes,2016-06-17,57.02,57.61,56.73,56.96,2947273
ess,2014-07-16,190.0,190.05,188.96,189.53,236175
itw,2016-12-07,126.24,127.99,126.14,127.93,1021176
it,2016-09-09,90.05,90.19,88.67,88.68,432185
isrg,2017-10-05,364.143,364.8496,357.9996,363.2263,1176600
kss,2015-11-03,46.72,48.16,46.72,47.37,3274785
frt,2015-08-17,137.03,138.21,136.0,138.16,312824
spg,2014-02-07,156.02,157.11,153.66,156.97,1597326
iff,2014-01-16,86.19,87.185,85.5,86.87,344023
rl,2014-02-20,157.12,159.13,157.12,157.66,961326
viab,2014-10-10,71.9,72.78,70.4,70.44,3492516
fis,2016-04-18,64.04,65.04,63.92,65.01,1086518
xrx,2016-09-27,39.68,40.2,39.68,40.12,2601678
rf,2016-07-18,9.12,9.24,9.085,9.16,21831229
pep,2016-02-05,97.64,97.71,96.8,97.32,5574838
pfg,2016-11-29,57.29,57.4699,56.86,57.19,1371581
ph,2014-06-10,128.91,129.63,128.19,129.52,477398
bmy,2015-11-03,65.77,66.27,65.1,66.08,5509932
tif,2014-11-20,102.36,104.33,102.01,104.28,672775
intc,2016-08-17,35.17,35.21,34.77,35.02,18221644
tpr,2015-05-26,37.27,37.27,36.311,36.56,4408175
aapl,2016-05-09,93.0,93.77,92.59,92.79,32936436
incy,2017-04-11,137.11,137.69,134.16,136.07,1295951
bbt,2016-06-21,35.87,36.06,35.54,35.99,3597577
bll,2017-09-15,40.33,40.54,40.27,40.53,2115281
dhr,2016-03-31,95.16,95.195,94.635,94.86,2163218
cof,2015-12-10,75.39,76.45,75.18,75.61,2428713
syf,2016-11-04,28.26,28.6,28.0,28.22,5915091
ndaq,2015-09-02,50.63,50.84,50.08,50.78,955289
mmc,2016-04-11,60.89,61.27,60.65,60.7,1352692
anss,2015-09-24,90.29,91.19,89.81,90.68,331809
leg,2016-09-20,48.85,49.11,48.42,48.51,646918
oxy,2015-02-17,82.52,83.08,82.05,82.53,4490839
ko,2014-06-12,40.41,40.68,40.37,40.42,11583569
ulta,2017-07-20,256.67,256.94,254.89,255.74,791236
px,2014-06-24,131.9,132.272,131.16,131.21,556279
ffiv,2014-11-14,126.5,128.93,124.76,128.88,1315250
hst,2015-06-18,20.18,20.59,20.02,20.52,10216653
avgo,2014-04-14,58.45,59.57,58.11,58.82,1941884
grmn,2016-10-26,51.32,53.32,49.4201,49.75,4371870
ew,2016-12-02,81.44,84.66,81.25,83.35,2324500
pru,2015-08-19,88.5,88.63,87.081,87.7,1982671
antm,2016-06-21,133.37,133.43,131.35,131.45,2065687
pbct,2017-10-16,18.2,18.385,18.2,18.28,3177873
lly,2014-03-21,58.88,59.75,57.76,57.78,7421541
stt,2016-06-21,58.98,59.03,58.39,58.78,2678544
mgm,2016-12-01,28.71,28.9,27.95,28.52,8466418
lh,2015-05-11,118.12,118.55,117.4,117.46,854453
mro,2017-03-08,16.12,16.21,14.81,14.87,24467105
arnc,2017-09-14,25.13,25.44,24.88,25.36,2377249
mrk,2016-12-27,59.87,60.14,59.56,59.79,5815612
amd,2014-11-04,2.9,2.905,2.75,2.83,12524608
has,2016-01-08,69.25,69.57,67.91,68.04,1231000
payx,2017-06-26,59.65,59.65,59.105,59.24,2480172
pypl,2016-03-16,39.09,39.89,38.57,39.84,6363503
kmb,2014-10-20,106.21,108.07,106.13,108.04,1652159
nfx,2017-07-28,28.43,29.29,28.32,28.66,3129743
ctas,2014-06-18,63.31,63.6,62.99,63.51,339945
c,2014-11-05,53.59,54.11,53.2552,54.02,18546189
flir,2017-10-19,43.09,43.34,43.0,43.25,727232
pm,2014-12-03,87.15,87.68,86.77,87.65,3867038
clx,2016-02-19,127.89,128.76,126.87,128.63,795673
met,2017-03-01,53.39,54.84,53.3,54.33,10909438
emn,2017-03-30,80.46,81.81,80.28,81.08,1927686
mmm,2015-05-04,158.4,159.85,157.88,159.02,2240314
omc,2014-12-05,78.09,78.38,77.97,78.33,1171422
bwa,2015-09-25,39.37,40.06,39.14,40.0,3871277
dhr,2015-06-11,86.25,86.4,85.75,85.93,2292605
all,2015-04-08,71.6,72.0,71.44,71.58,2109001
pcg,2017-07-17,66.34,66.52,66.11,66.48,1138959
abbv,2016-02-24,54.66,55.07,54.01,54.89,6633838
idxx,2016-10-19,112.39,113.3,112.21,112.78,363794
cf,2017-09-14,32.07,32.44,31.901,32.36,3406320
cms,2014-04-16,30.1,30.205,29.9275,30.2,2118943
lh,2016-05-19,125.63,127.32,125.09,126.1,469789
ko,2017-06-26,45.32,45.51,45.3,45.43,7747057
info,2014-10-29,23.54,24.29,23.01,24.04,294170
ctxs,2016-05-13,82.72,83.44,82.11,82.24,687349
cma,2017-07-19,73.4,73.56,71.9,72.49,2439782
ni,2016-08-22,24.76,24.97,24.73,24.82,2944399
pkg,2014-06-20,71.17,71.73,70.61,71.62,1039261
cxo,2017-01-27,143.45,144.73,142.68,144.04,1030058
maa,2015-02-20,73.56,74.67,73.405,74.49,495276
gps,2015-12-10,26.77,27.05,26.38,26.44,4505705
viab,2014-09-23,79.27,79.41,77.44,77.51,4451996
hrb,2014-04-02,30.85,31.2199,30.71,30.9,2533051
nov,2016-02-10,27.41,28.16,26.65,26.69,6177189
etfc,2015-10-09,26.64,26.805,25.86,26.15,2588686
nee,2015-08-13,108.38,109.21,107.22,108.92,1809062
apc,2016-08-22,54.05,54.3,53.44,54.27,3158955
ba,2017-01-24,158.58,160.93,157.84,160.55,3927536
avgo,2017-04-06,216.7,218.465,215.59,217.5,1461530
alle,2014-09-08,52.31,52.62,52.06,52.22,477347
f,2016-05-10,13.38,13.52,13.38,13.49,23583376
cf,2014-06-23,49.108,49.3976,48.86,49.106,1648410
leg,2014-02-03,30.02,30.06,28.96,29.06,1489459
oxy,2016-06-21,76.31,77.28,75.81,77.16,3164048
bbt,2014-01-16,38.39,38.74,38.03,38.73,6083665
pfe,2015-11-20,32.58,32.59,32.08,32.18,64599569
biib,2017-12-20,330.75,335.8,329.3,333.47,1276511
andv,2014-03-12,52.38,54.58,52.17,54.5,4816982
tmo,2016-10-19,151.11,152.03,151.01,151.8,1859771
exc,2015-11-18,27.7,28.175,27.49,28.12,9515207
el,2016-02-23,91.48,92.0,90.91,91.72,1054545
nke,2014-06-27,39.265,39.575,38.84,38.84,18142240
arnc,2016-04-18,29.43,30.39,29.34,30.27,7003759
pkg,2016-05-17,65.97,65.97,64.23,65.08,1443777
gww,2017-10-25,197.07,197.5,192.64,197.48,1860200
col,2015-11-06,88.16,88.77,87.52,87.75,394569
regn,2017-10-12,454.0,454.5203,444.2,447.15,704789
fti,2017-02-22,32.55,32.835,32.275,32.69,4301004
alle,2014-09-17,51.16,52.25,50.91,51.06,610387
dps,2015-08-05,82.12,83.355,81.87,83.24,1989894
cb,2017-03-27,135.0,136.69,134.8,136.66,1148224
eog,2017-03-30,98.19,100.155,97.17,97.17,7514657
bby,2016-05-18,30.89,31.25,30.35,30.75,7427474
gpc,2014-07-15,87.16,87.47,86.2982,86.58,448630
xlnx,2017-11-29,71.94,72.1,68.35,69.38,3059410
uhs,2017-02-10,116.14,116.74,116.01,116.45,659171
csco,2017-08-01,31.59,31.66,31.43,31.65,12962777
ca,2014-02-25,32.79,32.79,32.39,32.62,2156550
kim,2014-07-21,23.4,23.485,23.295,23.38,1430074
slb,2015-10-27,75.46,77.42,75.35,76.95,9291564
nsc,2016-05-27,83.94,84.35,83.22,84.0,1000473
viab,2017-03-02,43.84,43.84,42.095,42.12,6928189
rop,2016-08-31,178.46,178.77,176.73,177.55,584346
dis,2017-02-10,109.35,109.8,108.5814,109.26,7671800
oxy,2015-11-20,75.25,75.58,73.96,74.09,3240858
gis,2017-04-03,59.05,59.22,58.38,58.55,3398973
nrg,2016-12-07,11.89,12.035,11.8,11.95,7441256
sig,2017-02-15,74.63,75.7,74.0,75.45,895922
ms,2017-02-24,45.89,45.95,45.24,45.53,11837243
info,2014-10-20,22.86,23.04,22.51,22.97,154179
pnr,2015-08-20,60.32,60.44,58.88,58.9,905950
hes,2016-07-18,56.72,57.65,56.25,57.6,2802739
adbe,2015-01-13,71.95,72.96,69.95,70.59,2103821
o,2015-09-17,46.3,46.7,46.01,46.59,827728
hon,2017-12-19,155.15,155.42,154.02,154.11,4251341
brk.b,2016-02-02,127.52,127.83,125.51,125.7,4336725
phm,2014-04-25,18.85,18.92,18.32,18.44,8623967
ba,2014-01-30,131.7,131.7,125.2,126.53,10419713
mchp,2014-10-14,39.07,39.65,37.89,38.21,6772257
msft,2014-04-04,41.25,41.39,39.64,39.87,51409573
abbv,2014-02-10,48.75,50.19,48.72,49.55,7907594
sna,2016-02-08,138.13,138.87,133.09,135.41,1629089
exr,2016-04-18,90.13,90.86,89.29,90.56,945677
ajg,2017-12-07,65.85,66.0,65.14,65.27,1185718
adi,2014-12-12,55.52,56.39,55.43,55.915,3178452
ggp,2017-06-12,23.4,24.1,23.34,24.03,7533578
mar,2016-06-16,65.48,65.74,64.33,65.59,2741022
fls,2016-05-10,45.53,46.39,45.325,46.32,829081
fl,2017-08-11,48.6,50.039,48.45,49.3,2545323
rjf,2015-08-25,52.06,52.06,50.06,50.1,1523364
fox,2014-07-22,32.67,32.87,32.5,32.72,5221887
txt,2017-11-01,53.01,53.55,52.96,53.4,1508847
hcn,2014-04-30,62.83,63.11,62.69,63.09,1101210
dte,2016-12-01,92.49,93.66,92.19,93.61,1568463
dva,2016-05-05,74.19,76.93,74.19,75.83,2786352
amd,2015-04-21,2.53,2.53,2.35,2.35,31279416
eqr,2016-05-09,71.26,72.07,71.125,71.88,1563674
hsic,2017-11-10,69.36,69.4,67.02,67.05,5071486
avgo,2016-10-18,170.65,172.87,170.54,172.17,1416656
axp,2016-10-24,67.69,67.93,67.07,67.09,5174043
nlsn,2017-10-26,38.85,39.53,38.71,39.27,4866412
tap,2017-12-06,80.57,81.38,80.36,81.07,1341099
fdx,2015-12-14,143.0,143.79,140.89,143.69,3089838
kim,2017-01-27,25.13,25.14,24.65,24.81,2871910
lrcx,2017-08-11,149.85,154.43,149.82,154.26,1790856
lmt,2015-08-17,210.88,213.12,210.77,213.02,776428
ntap,2014-03-11,38.0,38.015,37.4,37.44,6815948
cah,2015-04-07,89.9,90.52,89.885,89.94,1180308
hon,2015-04-07,104.36,104.85,104.13,104.13,1829911
lnc,2014-01-15,51.8,52.55,51.76,52.5,2155257
gs,2016-10-04,161.24,164.15,161.23,162.27,2469912
dlr,2016-06-02,95.4,97.235,95.23,97.13,1785614
cboe,2014-09-09,53.82,54.19,53.6,53.77,812732
bwa,2014-12-22,55.0,55.31,54.68,54.86,1286074
ma,2016-02-16,86.12,86.59,85.36,86.18,4908014
fls,2015-04-08,56.7,56.73,55.7,56.48,1599399
dov,2015-08-17,63.81,64.74,63.27,64.4,1314777
met,2017-12-26,50.82,51.12,50.61,50.67,3075648
v,2016-02-03,73.76,74.625,72.43,74.38,9941917
tap,2015-02-25,75.94,76.22,75.44,75.68,858900
txn,2017-11-15,96.62,98.03,96.28,96.77,3355591
bxp,2014-12-05,131.07,131.45,129.32,131.39,772546
spg,2016-03-09,198.14,199.47,197.35,197.77,1000612
nem,2017-09-27,37.21,37.5,36.88,37.21,6567696
phm,2016-05-25,18.84,19.04,18.675,18.7,3291367
cost,2015-03-20,152.13,153.15,151.75,152.59,5859312
coo,2014-05-28,130.0,130.21,127.38,127.45,748004
nwl,2016-07-26,49.09,49.63,49.01,49.56,3131314
lyb,2014-07-10,97.64,99.3,97.57,98.49,2085689
antm,2017-04-26,174.12,180.01,174.001,179.03,3561085
amgn,2015-02-23,158.07,159.2,157.81,158.42,3094261
eix,2015-12-29,60.18,60.84,60.16,60.41,1429887
pvh,2016-05-16,83.92,86.3,83.21,85.75,1458694
disck,2016-06-23,25.08,25.21,24.92,25.11,1555984
hbi,2014-09-18,26.9775,27.1475,26.755,27.0725,1981796
gis,2015-09-14,56.37,56.47,55.91,56.09,3336782
iff,2017-04-10,132.08,133.09,131.77,132.85,374471
aee,2017-05-23,56.51,57.09,56.365,56.46,2437351
has,2014-04-15,53.45,54.07,52.91,53.48,1307836
mhk,2017-04-28,230.0,236.37,227.99,234.79,1745923
cinf,2017-03-30,71.63,72.4099,71.59,72.33,329187
kmb,2016-09-29,126.11,126.5,125.05,125.22,1229730
chtr,2014-05-19,136.16,138.95,136.16,138.68,765867
vno,2017-03-22,102.62,102.62,100.73,101.46,1111563
zbh,2017-05-10,118.49,119.71,118.04,119.49,1349640
lyb,2014-05-06,93.4,94.43,92.97,94.05,2235944
aep,2014-04-28,53.6,54.52,53.6,54.44,4753248
wfc,2016-09-02,50.45,50.66,50.18,50.55,12683950
nflx,2017-03-06,141.0,142.84,140.54,141.94,7116118
sbux,2015-11-04,63.0355,63.0355,61.34,61.96,9085091
orcl,2014-03-24,37.49,38.335,37.38,38.18,22547666
chrw,2016-10-27,67.47,67.86,67.01,67.43,2173397
ipg,2014-12-31,20.82,21.16,20.73,20.77,4605318
regn,2016-09-30,396.44,404.98,390.56,402.02,1114288
ed,2015-09-22,64.68,65.2,64.56,64.99,1958662
ndaq,2015-08-13,53.08,53.98,52.94,53.63,813651
googl,2015-12-01,766.94,785.0,765.95,783.79,2019864
swks,2014-09-12,55.83,55.93,54.82,55.02,2518984
fmc,2014-04-04,78.83,79.14,76.62,76.73,817210
jbht,2017-10-11,106.26,106.46,105.11,105.68,632274
cci,2016-01-15,82.78,83.07,78.41,79.12,6702085
fe,2015-07-22,33.37,33.61,33.1901,33.32,2148031
key,2015-06-25,15.52,15.58,15.31,15.37,9773701
zts,2015-02-19,45.83,46.0,45.49,45.65,2928791
cma,2016-03-04,37.56,38.325,37.56,38.23,4251127
pnw,2014-07-16,56.0,56.0,55.41,55.74,1113828
tjx,2016-04-21,77.52,77.99,76.89,77.01,1873694
dhr,2016-11-07,77.72,78.41,77.71,78.2,3708306
disck,2015-06-17,30.81,31.36,30.8,31.27,1149929
mro,2017-02-07,16.39,16.43,15.75,16.03,14647836
hcp,2017-01-24,30.34,30.48,30.03,30.24,3119309
wu,2017-06-16,18.91,19.13,18.76,19.08,7644295
cma,2017-04-17,65.34,66.93,64.75,66.93,2723689
ca,2015-07-14,30.7,30.785,30.49,30.5,2107461
exr,2015-07-30,71.89,73.24,71.63,72.83,781041
ccl,2014-10-08,37.44,37.74,36.655,37.67,6118647
vlo,2015-12-28,71.15,71.59,70.15,70.62,3179798
low,2014-06-23,45.98,46.23,45.84,46.08,6532810
de,2017-08-02,129.05,129.41,128.3,128.98,1512955
eqr,2017-06-15,67.04,68.11,66.995,67.77,1127010
hst,2017-12-26,20.15,20.29,20.13,20.18,2016270
tpr,2017-04-04,40.41,40.44,39.26,39.56,4929668
alxn,2016-06-10,136.7,137.86,134.02,135.61,1983755
nee,2016-06-21,124.54,124.965,123.57,124.27,1860131
cbg,2017-10-04,38.33,38.68,38.25,38.63,1201353
unm,2016-12-28,44.55,44.73,43.95,43.96,651963
ebay,2016-08-16,30.9,30.98,30.58,30.83,6539658
oxy,2014-08-28,103.24,104.48,103.09,104.01,2815845
sna,2015-06-26,160.65,162.26,160.15,162.19,1163196
t,2014-07-30,36.45,36.625,36.0745,36.36,20448397
nwl,2014-05-27,29.6,29.905,29.36,29.38,1683273
kmx,2014-10-22,48.71,49.94,48.27,48.33,2904761
frt,2014-06-02,119.93,121.012,119.58,120.86,289589
ir,2017-10-06,91.1,92.77,90.91,92.05,2153899
rtn,2017-03-10,154.84,155.44,153.66,154.38,1106787
ntap,2015-09-23,30.14,30.18,29.54,29.7,2587971
cma,2016-05-12,43.4,43.82,42.33,42.69,1881681
cmg,2015-11-06,609.0,613.49,594.0,612.4,1596566
trow,2014-11-17,82.03,82.12,81.55,81.845,925020
aos,2014-12-31,28.44,28.58,28.18,28.205,671208
exc,2014-04-15,35.44,36.0,35.39,36.0,7257857
es,2016-04-20,57.14,57.33,55.56,55.64,1668175
cern,2015-08-04,70.65,71.28,70.02,70.32,1943670
khc,2016-07-08,89.93,90.26,89.13,89.85,3703552
exr,2015-11-17,79.66,81.96,79.4,81.32,885247
el,2016-10-19,87.6,87.89,87.21,87.6,1185119
ppl,2016-04-01,38.1,38.23,37.63,38.19,3564638
aph,2015-01-07,52.5,52.91,52.15,52.88,811280
zion,2017-10-26,46.2,46.98,46.03,46.93,2528499
pm,2017-04-19,115.08,115.15,113.71,113.91,3688382
sni,2015-08-05,62.06,62.06,56.64,57.54,3904071
xom,2014-03-28,96.47,97.97,96.47,97.7,12321804
hrb,2015-05-26,32.1,32.25,31.66,31.7,2137408
nsc,2015-07-27,82.31,84.67,82.31,82.8,2039592
pep,2016-09-02,107.58,108.25,107.5,107.87,3671199
ice,2017-02-07,59.28,60.54,59.28,59.93,7162773
pfg,2015-12-22,44.53,44.975,44.05,44.81,1005077
aep,2017-07-18,68.63,68.82,68.34,68.36,2721383
trv,2017-07-26,127.31,127.57,125.7,126.0,1288911
zion,2017-01-11,43.67,43.92,43.14,43.92,2102743
pvh,2015-10-30,91.19,91.97,90.69,90.95,1268256
eqt,2017-03-09,58.11,58.46,56.46,57.51,3439099
mat,2014-09-04,34.52,34.97,34.51,34.93,1974020
spg,2016-12-28,176.41,176.555,173.11,174.2,1290071
pld,2015-12-09,42.04,42.625,41.92,42.13,2825921
mhk,2017-09-07,255.88,255.88,250.7,252.53,647460
jwn,2014-03-07,61.92,62.56,61.78,62.41,1361494
sbux,2015-09-24,57.38,58.54,57.17,58.37,10027330
kmb,2015-02-03,110.48,110.48,109.1,110.17,1823304
kss,2014-11-04,54.71,55.2,54.11,55.17,2236215
xec,2014-02-06,100.03,104.145,99.55,103.05,1549281
tgt,2017-10-04,58.68,58.93,58.52,58.66,3037888
xrx,2016-12-22,36.32,36.54,35.96,36.04,2429117
ew,2016-07-21,106.77,107.13,105.69,106.26,850420
psa,2014-02-12,163.67,163.68,162.002,163.51,543239
tpr,2015-05-08,38.94,39.12,38.325,38.46,2360059
symc,2014-12-17,25.01,25.305,24.79,25.19,4341775
cmcsa,2014-12-11,27.865,28.2225,27.74,27.9475,21024650
pypl,2015-10-21,34.75,34.8,32.88,33.83,9113873
luk,2016-12-01,22.13,22.78,22.108,22.77,2991118
intu,2016-09-23,110.17,110.53,109.26,109.9,1264092
hum,2014-02-13,95.52,97.23,95.28,97.02,1510474
cah,2017-12-18,62.85,63.0,62.05,62.39,4362799
mos,2014-10-03,43.08,43.08,42.35,42.61,3570470
amat,2016-08-12,26.86,27.22,26.86,27.18,9852879
vrtx,2015-11-05,125.0,126.34,121.82,121.91,1486215
arnc,2015-04-13,39.42,40.14,39.27,39.87,7642368
disck,2017-09-29,20.23,20.435,20.19,20.26,1667048
pdco,2014-02-10,39.69,40.33,39.41,40.3,781258
rtn,2014-02-25,98.21,98.57,96.52,96.78,1763258
vno,2014-05-01,102.64,103.24,101.85,103.16,544220
k,2015-06-26,62.99,63.21,62.61,63.05,4073268
lh,2016-09-02,136.73,137.76,136.14,137.71,594387
vz,2015-03-05,49.18,49.22,48.81,48.92,9653450
tdg,2014-10-15,171.38,172.65,166.61,171.82,755857
var,2014-07-28,82.72,83.59,82.46,83.3,679400
xlnx,2014-03-24,54.59,54.96,54.22,54.5,3740609
mmm,2016-11-03,166.14,167.64,165.26,166.83,2504984
lnc,2016-07-19,42.78,43.37,42.62,43.31,1436862
disca,2016-03-08,27.84,27.895,27.1,27.18,4029622
cinf,2015-04-14,53.44,53.945,53.322,53.82,458252
hum,2014-12-11,141.67,144.49,141.67,142.48,777497
ame,2015-10-29,54.55,55.43,54.55,54.68,2265161
cost,2015-12-04,164.12,167.24,164.01,166.8,2578560
fast,2015-12-10,40.19,40.47,39.93,40.15,1611032
ess,2016-10-21,205.93,208.175,205.93,206.67,231829
intc,2016-03-30,32.45,32.75,32.289,32.71,16598019
vrsk,2015-07-13,73.81,74.26,73.52,74.21,537888
khc,2016-09-09,88.24,88.3697,85.95,85.97,3837863
pep,2016-09-16,105.0,105.5,104.58,105.28,4934066
zion,2015-07-20,30.67,30.98,30.23,30.57,3785809
xom,2016-10-27,87.28,87.66,86.8,86.92,9071099
phm,2015-12-16,17.61,18.12,17.5,18.02,7394167
cag,2015-01-23,36.98,37.04,36.72,36.76,1941291
fls,2016-01-19,36.06,37.21,34.9,35.4,1352176
prgo,2015-10-05,161.92,162.65,160.26,161.83,1248646
dte,2017-09-19,110.45,110.52,109.68,110.18,757189
mon,2015-09-23,86.42,86.79,84.3,84.38,3247069
cbs,2014-05-14,56.79,57.41,55.57,55.94,10258267
rtn,2015-01-06,106.69,107.72,105.01,106.24,2229798
dps,2017-11-06,85.35,85.36,84.4,84.47,1477364
incy,2016-11-08,92.16,93.98,90.38,92.16,1280368
viab,2014-01-09,87.07,87.07,85.7,86.0,1422315
avb,2017-05-26,191.85,193.035,190.6,191.32,685081
dte,2015-07-24,76.54,78.04,76.54,77.36,1805850
col,2016-06-20,86.92,87.47,86.57,86.74,488816
prgo,2015-12-14,148.33,149.37,146.82,148.99,1635722
azo,2015-02-10,620.22,620.22,609.25,616.66,158672
t,2015-12-17,34.42,34.61,34.03,34.03,27720504
cmg,2014-07-07,601.65,603.16,592.825,593.83,298683
rrc,2016-06-17,43.31,44.68,43.31,44.3,5039007
hcp,2017-01-17,30.33,30.73,30.33,30.68,2849139
expd,2016-11-28,52.83,53.0,52.57,52.81,1230404
fbhs,2016-04-21,59.63,59.98,57.71,57.95,2278793
dfs,2017-05-25,59.43,59.62,58.87,59.04,5743777
amd,2015-09-29,1.67,1.69,1.65,1.67,7005323
slb,2016-09-23,76.69,77.06,75.57,75.92,6847404
mtd,2017-02-03,447.9,467.14,443.45,462.67,506405
hst,2017-04-27,19.32,19.34,19.07,19.24,7379197
bbt,2014-02-07,37.28,37.44,36.92,37.29,2307433
